Ref Number,Requester Category,Request Date,Request Summary,Decision Date
FOI/2018/4,Journalist,04/01/2018,Church of Scientology or any of its associated organisations,30/01/2018
FOI/2018/9,Journalist,09/01/2018,US - Ireland Alliance,06/02/2018
FOI/2018/11,Journalist,09/01/2018,National Student Accommodation Strategy,06/02/2018
FOI/2018/21,Journalist,15/01/2018,"Tender Awarded to JJ Rhatigan for the redevelopment of Scoil Phobail Community School, Clifden, Galway",12/02/2018
FOI/2018/24,Journalist,17/01/2018,All bills enacted and which relate to matters for which the Minister has responsibility since 2011,14/02/2018
FOI/2018/32,Journalist,23/01/2018,"Holy Family School, Cootehill",15/02/2018
FOI/2018/33,Journalist,23/01/2018,A breakdown of all staff in the Department,19/02/2018
FOI/2018/38,Journalist,25/01/2018,Part 2 - Department's Risk register,22/2/2018
FOI/2018/38,Journalist,15/03/2018,Part 2 - Request for an Internal Review,10/04/2018
FOI/2018/38,Journalist,25/01/2018,Part 3 - Minutes of Management Board Meetings,20/02/2018
FOI/2018/38,Journalist,25/01/2018,Part 4 - Minutes of Minister's/Management Board Meetings,20/02/2018
FOI/2018/45,Journalist,29/01/2018,Circular 0032/2017 on  measures to be adopted by schools to reduce the cost of school uniforms and other costs,23/02/2018
FOI/2018/49,Organisation,02/02/2018,"Bray Institute of Further Education, Novara Avenue, Bray, Co. Wicklow",27/02/2018
FOI/2018/52,Journalist,05/02/2018,"Ownership of, or sale of Christian Brother playing fields",12/03/2018
FOI/2018/71,Journalist,16/02/2018,Advancing School Autonomy in Ireland,16/03/2018
FOI/2018/78,Other,21/02/2018,Catholic denominational schools,18/05/2018
FOI/2018/84,Journalist,23/02/2018,National Development Plan,25/04/2018
FOI/2018/97,Journalist,05/03/2018,A list of all Department files (including file names and dates) which are 30 years or older which have not been released for public view under the provisions of the National Archives Act,02/05/2018
FOI/2018/98,Journalist,07/03/2018,National Emergency Co-Ordination Group,06/04/2018
FOI/2018/100,Journalist,07/03/2018,Storm Emma and related adverse conditions,03/05/2018 - 03/05/2018
FOI/2018/102,Other,09/03/2018,Proposed construction of North Wicklow Educate Secondary School on the Bray Institute of Further Education campus,10/04/2018
FOI/2018/103,Other,09/03/2018,Proposed construction of North Wicklow Educate Secondary School on the Bray Institute of Further Education campus,10/04/2018
FOI/2018/114,Other,14/03/2018,Lobbying Return 24376 Microsoft Ireland Operations,16/04/2018
FOI/2018/118,Journalist,20/03/2018,"Proposed new school building for Gaelscoil Chnoc Liamhna in Knocklyon, Co Dublin",19/04/2018
FOI/2018/125,Other,22/03/2018,Copies of the any entry and/or signature in the Visitor's Book in Marlborough Street,19/04/2018
FOI/2018/127,Journalist,23/03/2018,Copies of the latest batch of internal audits from your department for the last 12 months,23/04/2018
FOI/2018/133,Journalist,26/03/2018,Five Educate Together Schools established under the divestment process - Enrolment Rules/Limits,23/05/2018
FOI/2018/135,Oireachtas,27/03/2018,Proposed new school development at Bray Institute of Further Education (BIFE),26/04/2018
FOI/2018/137,Other,29/03/2018,Student Grants Appeals Board,26/04/2018
