Ref Number,Requester Category,Request Date,Request Summary,Decision
DES-FOI-2020-0001,Journalist,30/01/2020,Part-Granted,"Correspondence (letter and email) between the Department of Education and the following - the Royal College of Surgeons in Ireland (RCSI), Department of Health and Higher Education Authority - in regard to the RCSI's University status."
DES-FOI-2020-0002,Other,31/01/2020,Refused,Records recording discussions within the department on the need to seek legal advice and/or the seeking and receipt of legal advice as to the constitutionality of creating female only professorial posts.
DES-FOI-2020-0003,Journalist,04/02/2020,Granted,"The total amount of money spent by the Department on flights and the total number of flights taken by the Department in 2017, 2018 and 2019 broken down by year. 2. A breakdown of all flights made by the Department's Ministers during 2017, 2018 and 2019 and the destinations that were travelled to."
DES-FOI-2020-0005,Journalist,04/02/2020,Refused,A copy of the diary of the Minister for Q4 of 2019
DES-FOI-2020-0006,Journalist,30/01/2020,Granted,"Copies of any briefings, reports, submissions, or other such documents with regard to the success or otherwise of a scheme for sharing of teacher resources between schools. This part of the request to cover the period 1 Jan 2019 to date of receipt."
DES-FOI-2020-0009,Journalist,10/01/2020,Part-Granted,All correspondence in relation to Matters related to Mr Lowry's constituency between Deputy Michael Lowry and Ministers in the Department between the period 01 January 2019 and the present day.
DES-FOI-2020-0010,Journalist,04/02/2020,Refused,Copies of all records held referring or relating to mileage claims by Minister John Halligan.
DES-FOI-2020-0016,Journalist,10/02/2020,Granted,A list of all Twitter accounts/users blocked by the Department's Twitter account @Education_Ire
DES-FOI-2020-0017,Other,10/03/2020,Part-Granted,Records regarding the building Renovation / rebuilding works undertaken between 2012 - 2016 at Scoil Mhuire Sidney Place Cork City
DES-FOI-2020-0018,Journalist,12/02/2020,Refused,access to any minutes / notes / memos relating to the meeting between the Association of Secondary Teachers Ireland and Harold Hislop in the Department last year.
DES-FOI-2020-0020,Journalist,13/02/2020,Granted,Details regarding expenses incurred by the Minister and Department's Junior Minister(s) during their visits abroadfor St Patrick's Daylast year
DES-FOI-2020-0021,Other,12/02/2020,Granted,"Records re the proposed Location of Educate Together School at current BIFE campus on Novara Avenue, Bray, Co.Wicklow"
DES-FOI-2020-0022,Other,17/02/2020,Part-Granted,Records related to the school transport and the relationship between Bus Eireann and the Department
DES-FOI-2020-0023,Business/Interest Group,17/02/2020,Granted,Re release FOI 2017-14
DES-FOI-2020-0026,Journalist,09/03/2020,Part-Granted,Records related to the Minister for Education and the National Council for Special Education on moving towards a total inclusion enrollment model
DES-FOI-2020-0027,Business/Interest Group,19/02/2020,Refused,Records related to the school transport and the relationship between Bus Eireann and the Department
DES-FOI-2020-0028,Business/Interest Group,19/02/2020,Refused,Records related to the school transport and the relationship between Bus Eireann and the Department
DES-FOI-2020-0030,Business/Interest Group,18/03/2020,Part-Granted,Records pertaining to the Department's position on gender neutral tiolets in schools
DES-FOI-2020-0033,Business/Interest Group,19/02/2020,Refused,Records related to the school transport and the relationship between Bus Eireann and the Department
DES-FOI-2020-0034,Business/Interest Group,20/02/2020,Refused,Records related to the school transport and the relationship between Bus Eireann and the Department
DES-FOI-2020-0035,Business/Interest Group,20/02/2020,Refused,Records related to the school transport and the relationship between Bus Eireann and the Department
DES-FOI-2020-0038,Journalist,28/02/2020,Granted,Records on reported assault of teachers in 2017
DES-FOI-2020-0040,Journalist,28/02/2020,Granted,Various submissions to the Minister
DES-FOI-2020-0043,Other,24/02/2020,Refused,"the number of Vested National Schools, and the number of Non Vested schools operating as recognised schools by the Department of Education in each of the years: 1955, 1965, 1975, 1985, 1995, 2005, 2015 and 2000."
DES-FOI-2020-0044,Other,24/02/2020,Part-Granted,"FOI REQUEST: RECORDS SOUGHT FROM TEACHERS EDUCATION SECTION A Cháirde, I wish to seek certain records under the Freedom of Information Act - the background is outlined hereunder and in the attached Appendix. 1. Purpose of FOI Request. The information sought is required in attempting to: (a) Vindicate my positional, private, legal and constitutional rights. (b) Defend and uphold my right to a good name, personally and professionally. (c) Support my right to conduct a meaningful investigation into matters concerning me, personally and professionally, in accordance with the principles of natural justice, constitutional justice, fairness of process, and equality of arms. (d) Establish the facts, in the public interest. 2. Scope of Records Sought. The information sought relates to the internal records held in the Teachers Education Section and encompass all relevant records, generated, processed and held by that Section, i.e. appertaining to the proposed audit of the Donegal Education Centre (the preliminary stage of which was undertaken by the Internal Audit Unit on 13th April 2005). The internally generated records should include all material initiated, addressed, noted, decided on/directed, forwarded and/or received (including MAC members) - in particular involving Mr Paul Ryan, PO, Mr Barry Conroy, APO, Jennifer Fitzpatrick, HEO - but includes other relevant officer. The records relate, in the first instance, to the specific issues summarised in"
DES-FOI-2020-0047,Other,27/02/2020,Granted,"Full disclosure of details pertaining to the application for an extension to Colaiste Dun an Ri in Kingscourt Co. Cavan, made by Councillor Clifford Kelly and or any other representative of Cavan-Monaghan ETB."
DES-FOI-2020-0051,Business/Interest Group,30/06/2020,Part-Granted,"Correspondence from 1st January 2013 to date, sent by The Department of Education/Minister for Education and Skills to the BOM of Lismullen National School, Clonardran, Garlow Cross, Co. Meath"
DES-FOI-2020-0053,Other,06/03/2020,Refused,Records related to the school transport and the relationship between Bus Eireann and the Department
DES-FOI-2020-0057,Journalist,09/03/2020,Refused,"Correspondence to and from the Department of Education in relation to the Children and Family Relationships Act (2015), during the period Feb 1, 2014 to April 6, 2015 and the period Feb 1, 2019 to January 31, 2020."
DES-FOI-2020-0058,Business/Interest Group,09/03/2020,Granted,Correspondence from 1st January 2013 to 11th February 2020 relating to the Additional Accommodation scheme for St Bricins College Belturbet Co Cavan
DES-FOI-2020-0067,Other,19/03/2020,Granted,Correspondence between Minister for Education Joe McHugh/Minister of State for Higher Education Mary Mitchell OConnor AND NUI Galway president/Galway University Foundation board or executive since June 1st,2019
DES-FOI-2020-0068,Other,12/03/2020,Refused,The governance statement submitted to the Department in December 2018 by then GMIT (Galway Mayo Insitute of Technology) President Fergus Barry.
DES-FOI-2020-0069,Other,02/03/2020,Part-Granted,Request for records and correspondenceconcerning Sancta Maria College,Rathfarnham. Detail in attached.
DES-FOI-2020-0070,Journalist,03/03/2020,Granted,Request for information on HR Panels in the Department
DES-FOI-2020-0073,Other,24/03/2020,Part-Granted,How many retired teachers have been exempted from Abatement and are currently drawing a pension while re-engaged in public sector employment
DES-FOI-2020-0074,Business/Interest Group,10/03/2020,Granted,A Letter sent by the Department to VECs dated 28th October 2005 outlining the terms and conditions for Youthreach Resource Persons'
DES-FOI-2020-0078,Other,24/04/2020,Granted,"Records showing the number of employee/official mobile devices - to include smartphones, laptops and tablets - reported lost by or stolen by employees/officials in 2017, 2018 and 2019."
DES-FOI-2020-0079,Other,07/07/2020,Part-Granted,"Records concerning the provision of free school books for children at primary level with through the funding of a euro1 million pilot project which will benefit more than 15,000 pupils across 102 primary schools, commencing this September."
DES-FOI-2020-0082,Journalist,27/04/2020,Part-Granted,Correspondence (soft or hard) or complaints/comments or minutes of meetings or notes pertaining to mixed sex/gender neutral toilets for schools
DES-FOI-2020-0084,Other,30/03/2020,Part-Granted,"Records related to the formation of the Board of Management of Feevagh NS roll no.18005J, Ballintieva NS roll no.17290G."
DES-FOI-2020-0099,Other,25/05/2020,Granted,Copy of terms and conditions that the department of education informed SOLAS/ETB that this must adhere
DES-FOI-2020-0101,Journalist,17/04/2020,Refused,Correspondence between the Minister for Education and senior officials concerning the decision not to stage the oral exam for this year's Leaving Certificate
DES-FOI-2020-0104,Journalist,27/03/2020,Refused,"Records (to include, but not limited to, any advice, emails, minutes, opinion, research, speaking notes etc.) related to the decision to award candidates 100% of the available marks in the cancelled components of LC 2020"
DES-FOI-2020-0108,Other,23/04/2020,Granted,Statistics on year of school construction
DES-FOI-2020-0106,Other,12/05/2020,Refused,Briefing material prepared for Minister for Education relating to thecancellation of oral and practical exams,announced on March 19th
DES-FOI-2020-0109,Journalist,21/08/2020,Part-Granted,"Minutes of any meetings and correspondence between the Teaching Council and Department of Education on section 37 regulations, between 1st January and 9th April 2020."
DES-FOI-2020-0110,Journalist,13/05/2020,Granted,Copies of all records relating to searches undertaken to identify records relevant to FOI Request DES-FOI-2020-0104.
DES-FOI-2020-0112,Journalist,19/05/2020,Refused,1) A full list of capital projects which has commenced under project Ireland 2040 under the remit of the Department.
DES-FOI-2020-0114,Journalist,26/06/2020,Granted,Enrolment and Teacher Allocations 2018/19 Voluntary Secondary Schools Enrolment and Teacher Allocations 2018/19
DES-FOI-2020-0119,Journalist,22/07/2020,Refused,"Documentation (e.g. Planning/ Fire Certificates/ Government documents) that states the Maximum Occupancy of Calasanctius College, Oranmore, Co. Galway."
DES-FOI-2020-0121,Journalist,11/06/2020,Part-Granted,The total number of pupils who attended private/fee-paying schools in each of the years 2015 to 2019 inclusive
DES-FOI-2020-0125,Journalist,27/05/2020,Refused,Records relating to lands on Goatstown road.
DES-FOI-2020-0129,Journalist,16/06/2020,Granted,Documents and correspondence related to the selection of and addition of Technological Higher Education Association THEA to the specified list of bodies under Section 30 of the Education and Training Board Act 2013
DES-FOI-2020-0133,Journalist,10/06/2020,Part-Granted,A copy of the online survey sent to schools last July regarding the pay and conditions of the secretaries and caretakers employed by them
DES-FOI-2020-0134,Other,12/06/2020,Refused,Correspondencesince December 2019 between University College Dublin (UCD) and the Dept. of Education in relation to online learning being introduced in the wake of the closure of campus due to COVID 19.
DES-FOI-2020-0135,Journalist,12/06/2020,Refused,Correspondencesince December 2019 between Trinity College Dublin (TCD) and the Dept. of Education in relation to online learning being introduced in the wake of the closure of campus due to COVID-19.
DES-FOI-2020-0136,Oireachtas/Public Representatives,12/06/2020,Refused,Correspondencesince December 2019 between University College Cork (UCC) and the Dept. of Education in relation to online learning being introduced in the wake of the closure of campus due to COVID 19.
DES-FOI-2020-0139,Journalist,24/06/2020,Refused,"Copies of any briefings, submissions or memos prepared for the Minister or the Secretary General relating to how Leaving Cert would be managed during the Covid-19 crisis"
DES-FOI-2020-0140,Journalist,14/09/2020,Part-Granted,in relation to external appeal
DES-FOI-2020-0148,Journalist,17/07/2020,Part-Granted,Information exchangedbetween officials in the Department of Education and the European Commission regarding funding of the third level education sector in Ireland
DES-FOI-2020-0150,Journalist,29/06/2020,Granted,Correspondence between Waterford IT and the Department of Education in relation plans to create a technological university for the southeast for January,February,March,April and May 2020.
DES-FOI-2020-0151,Journalist,29/06/2020,Refused,Correspondence between CarlowIT and the Department of Education in relationplans to create a technological university for the southeast for January,February,March,April and May 2020.
DES-FOI-2020-0152,Journalist,16/06/2020,Refused,Information on grants related to Scoil Eoin School,Ballonagh,Tralee
DES-FOI-2020-0155,Other,20/07/2020,Granted,All correspondence between the Department of Education and the Department of the Taoiseach relating to the special provision of summer schools for students with special educational needs since January 1,2020.
DES-FOI-2020-0156,Journalist,10/07/2020,Granted,Correspondence related to the merger of IT Tralee and CIT and the creation of the MTU during the period April 1st,2019 and present.
DES-FOI-2020-0165,Oireachtas/Public Representatives,13/08/2020,Part-Granted,Correspondence sent to,from,and within the Department of Education regarding Firhouse Educate together Secondary School Temporary site on Stocking Avenue/Lane
DES-FOI-2020-0170,Journalist,27/07/2020,Refused,A copy of the briefing document drawn up by the Secretary General/senior Dept official outlining the main issues facing the newly appointed Minister for Education.
DES-FOI-2020-0172,Other,27/07/2020,Refused,Minister's brief
DES-FOI-2020-0174,Other,19/08/2020,Granted,Regarding renewables,solar PV and microgeneration in Ireland
DES-FOI-2020-0175,Journalist,27/07/2020,Refused,Minister's brief
DES-FOI-2020-0176,Journalist,27/07/2020,Refused,Minister's brief
DES-FOI-2020-0178,Business/Interest Group,27/07/2020,Refused,Minister's brief
DES-FOI-2020-0179,Journalist,27/07/2020,Refused,Minister's brief
DES-FOI-2020-0181,Journalist,27/07/2020,Refused,Minister's brief
DES-FOI-2020-0183,Journalist,18/08/2020,Part-Granted,copies of all records held referring or relating to the announcement of emergency funding for Dromclough National School in Listowel,Co Kerry
DES-FOI-2020-0184,Journalist,18/08/2020,Part-Granted,Records re emergency funding for Dromclough National School,in Listowel
DES-FOI-2020-0185,Journalist,18/08/2020,Part-Granted,Records re emergency funding for Dromclough National School,in Listowel
DES-FOI-2020-0191,Oireachtas/Public Representatives,04/08/2020,Refused,Minister's brief
DES-FOI-2020-0188,Journalist,04/08/2020,Refused,Minister's brief
DES-FOI-2020-0189,Journalist,18/08/2020,Part-Granted,Records re emergency funding for Dromclough National School,in Listowel
DES-FOI-2020-0197,Journalist,06/08/2020,Refused,Minister's brief
DES-FOI-2020-0193,Journalist,06/08/2020,Refused,Minister's brief
DES-FOI-2020-0190,Client,18/08/2020,Refused,Records on gender issues
DES-FOI-2020-0195,Other,13/08/2020,Part-Granted,Records re emergency funding for Dromclough National School,in Listowel
DES-FOI-2020-0198,Journalist,06/08/2020,Refused,Minister's brief
DES-FOI-2020-0199,Other,06/08/2020,Refused,Minister's brief
DES-FOI-2020-0201,Journalist,09/09/2020,Granted,Records related to the PDST and Department of Education on the subject of religious education
DES-FOI-2020-0202,Journalist,08/09/2020,Part-Granted,Briefing material for the appearance of the Department's secretary general before the Oireachtas Covid-19 committee on July 10th.
DES-FOI-2020-0207,Other,14/12/2020,Granted,Minutes of Department of Education management board meetings held from 01/03/2020 up to the date of processing this request;* Minutes of Minister and Management Board meetings held since 01/03/2020 up to the date of processing this request
DES-FOI-2020-0204,Journalist,27/08/2020,Refused,Record relating to advice given by NEPs to the minister/ department about calculated grades for the Leaving Cert from 1/3/20 to date
DES-FOI-2020-0210,Business/Interest Group,10/08/2020,Granted,The amount that Department of Education and Skills spent on purchasing mobile phones for staff for work related business in the years 2018,2019 and to-date in 2020
DES-FOI-2020-0200,Business/Interest Group,01/09/2020,Refused,"Communications with the Department from the National Public Health Emergency Team, the Department of Health, the office of the Chief Medical Officer and the HSE in relation to the closure of schools in February and March 2020"
DES-FOI-2020-0211,Journalist,17/08/2020,Refused,Correspondence between the Department and the Irish Wheelchair Association and all internal correspondence regarding the HSE Internal Audit report dated August 2016
DES-FOI-2020-0212,Other,20/08/2020,Refused,Records of all correspondence in the Dept of Education in relationto the decisionmaking process to award all Leaving Cert and Junior Cert studentsfull marks in the orals and practicals,due to them being cancelled.
DES-FOI-2020-0214,Other,07/08/2020,Refused,copy of ministerial briefs presented to Ministers Harris and Collins on taking up their roles.
DES-FOI-2020-0208,Other,24/08/2020,Refused,Briefing material prepared for the Minister for Education in relation to (1) the decision on March 19th to cancel oral exams and award students full marks; and (2) the decisionon April 10th to postpone the Leaving Cert exams; (3) the decision on May 8th to postpone the Leaving Certificate exams
DES-FOI-2020-0217,Oireachtas/Public Representatives,07/08/2020,Refused,A copy of all briefing documents/advisory papers/policy documents prepared for and/or presented to incoming Minister/Minister of State between July 27th and June 24th
DES-FOI-2020-0220,Journalist,25/08/2020,Granted,"Copies from members of the public (parents, teachers, pupils) of any written complaints made to the department since 2017 about the content of prescribed texts on the Junior Certificate and Leaving Certificate English curricula."
DES-FOI-2020-0221,Journalist,28/09/2020,Granted,Documents held by the department over the last year relating to an online campaign which were making misleading claims about sex ed reform
DES-FOI-2020-0222,Journalist,25/08/2020,Granted,"Details of any purchases of computer equipment, mobile equipment, tablets, laptops, any mobile or computer accessories, any electrical equipmentor appliances on behalf of any minister or minister of state at your Department in period between 1 May 2020 and the current date"
DES-FOI-2020-0223,Other,29/07/2020,Granted,Results of an On-Line Survey carried out in conjunction with a WSE in February 2015 in a school.
DES-FOI-2020-0218,Business/Interest Group,22/09/2020,Part-Granted,Reports that result in identifying the need for a third national school in Rathcoole
DES-FOI-2020-0225,Journalist,07/10/2020,Granted,Enrolment and Teacher Allocations 2019/20Voluntary Secondary SchoolsEnrolment and Teacher Allocations 2019/20Community and Comprehensive Schools / Enrolment and Teacher Allocations 2019/29. Year total for each ETBSummary Enrolment and Teacher Allocations.
DES-FOI-2020-0226,Journalist,27/08/2020,Granted,The number of career breaks granted by the department in the last 5 years in each of the locations of tullamore,Dublin,athlone
DES-FOI-2020-0231,Journalist,01/09/2020,Refused,Copies of any briefings/submissions prepared for the Minister or the Secretary General with regard to plans for reopening primary and secondary schools
DES-FOI-2020-0232,Other,28/08/2020,Granted,"Copies of any briefings, submissions, or other such review or overview documents prepared for Minister Harris with regard to the issue of sexual harassment/sexual violence in third level institutions"
DES-FOI-2020-0234,Journalist,17/09/2020,Refused,Correspondence between the Department and the States Examinations Commission in relation to the predictive grading system being used in this year's Leaving Cert
DES-FOI-2020-0236,Other,01/09/2020,Refused,Reports of individuals who had advertised on social media to provide calculated grades to students
DES-FOI-2020-0241,Oireachtas/Public Representatives,08/09/2020,Refused,Records that pertain to Genomics Medicine Ireland and Genuity Science
DES-FOI-2020-0154,Oireachtas/Public Representatives,14/09/2020,Granted,In relation to DES-CU-02645-2020
DES-FOI-2020-0242,Other,03/09/2020,Refused,relating to calculated grades
DES-FOI-2020-0247,Client,02/09/2020,Refused,The algorithm(s) that will be used for the purpose of national standardisation using statistical methods for calculated grades for Leaving Certificate students in 2020
DES-FOI-2020-0245,Journalist,03/09/2020,Refused,"Documentation, records, or correspondence relating to:The preparation of a Data Protection Impact Assessment for the calculated grading system to be used for Leaving Cert 2020"
DES-FOI-2020-0250,Client,15/09/2020,Refused,Ministerial Diaries
DES-FOI-2020-0252,Journalist,17/09/2020,Refused,Records re the appoitment of advisors
DES-FOI-2020-0254,Journalist,16/09/2020,Granted,Information that the department is collecting on Irish social media commentary
DES-FOI-2020-0257,Other,14/09/2020,Refused,"Records relating to Covid19 Guidance issued by the Dept to schools on-closing schools, classes, pods or other groupings of pupils in the event of a Covid19 outbreak"
DES-FOI-2020-0258,Other,16/09/2020,Refused,"Correspondence and minutes of meetings, between Minister Simon Harris and Irish Universities, relating to the recent proposals for chartered flights for non-EU students as a response to Coivd19."
DES-FOI-2020-0260,,21/09/2020,Part-Granted,"Correspondence from principals, teachers and unions to the Minister for Education, Department of Education, department officials expressing concern about the teacher assessment or standardisation"
DES-FOI-2020-0261,,21/09/2020,Part-Granted,Internal correspondence between Department of Education officials about the A-level results and GCSE u-turns in relation to the Leaving Certificate Calculated Grade system. Timeline to run from 10 - 21 August.
DES-FOI-2020-0264,,12/10/2020,Part-Granted,Copies of any invitations to events sent by email or by post to the office of the Minister and junior minister(s) at the department since their appointment in June
DES-FOI-2020-0265,,21/09/2020,Part-Granted,Records pertaining to the school transport scheme for Route F1020 for the 2020/2021 school year
DES-FOI-2020-0268,,21/10/2020,Granted,Information on school transport in Meath
DES-FOI-2020-0269,,29/09/2020,Granted,"Correspondence between the Department of Education and St Patricks Girls National School and St Patrick's Boys National School (both Limerick) in relation to the reopening of schools in July, August and September 2020"
DES-FOI-2020-0270,,24/09/2020,Part-Granted,"- copies of anybriefings, submissions, reports, or any other such review or overview documentsprepared for the Minister or the Secretary General with regard to thefollowing:https://merrionstreet.ie/en/News-Room/Releases/Minister_Harris_announces_changes_t"
DES-FOI-2020-0271,,20/10/2020,Granted,copies of the actual mileage claim forms submitted by Minister Simon Harris from 26//06/20 to 27/08/20
DES-FOI-2020-0272,,08/09/2020,Granted,Copies of the actual mileage claim forms submitted by Minister Josepha Madigan from 01/07/20 to 27/08/20
DES-FOI-2020-0277,,28/09/2020,Part-Granted,Briefing materials prepared for the Minister for Further and Higher Education,Research,Innovation and Science in relation to his radio appearance on Today with Claire Byrne on August 31st.
DES-FOI-2020-0279,,02/10/2020,Granted,"Correspondence, including invoices, receipts and emails, related to any media and/or communications training provided to Ministers in the Department from the period June 27 to the present day."
DES-FOI-2020-0280,,24/09/2020,Granted,Records on the total figure of undergraduate student applicants of the Student Universal Support Ireland (SUSI)
DES-FOI-2020-0282,,05/10/2020,Granted,copies of any records held referring or relating to publicationof the university rankings as per the following newspaper article:https://www.irishtimes.com/news/education/trinity-climbs-nine-places-in-latest-world-university-rankings-1.4344668
DES-FOI-2020-0290,,05/10/2020,Refused,"All records relating to the process of selecting a permanent location for Gaelscoil Aine, currently located at, St Mobhi Road, Drumcondra, Dublin, created since 1 January 2018."
DES-FOI-2020-0286,,08/10/2020,Refused,Minister's brief
DES-FOI-2020-0292,,07/10/2020,Refused under section 34,External communication received by the Department that mentions Kildare Town Community School or Kildare Town Community School Board of Management between 10th June 2020 and 24th June 2020
DES-FOI-2020-0349,,19/10/2020,Part-Granted,Records of internal correspondence in the Department of Education in relation to restoring pay equality for teachersfrom January-June 2020.
DES-FOI-2020-0373,,28/09/2020,Granted,In relation to Cappagh White NS - RE ASD Unit
DES-FOI-2020-0389,,09/12/2020,Refused,re calculated gardes process
DES-FOI-2020-0401,,21/10/2020,Granted,"Correspondence or internal records, including correspondence with the Joint Managerial Body, since 2020 regarding orders issued by the Archbishop of Dublin, Diarmuid Martin, to drop admission rules that give priority to places for siblings of existing pupils."
DES-FOI-2020-0392,,06/11/2020,Granted,Covid provision of funding - School Transport
DES-FOI-2020-0395,,20/10/2020,Refused,Technical report compile to oversee the calculated grades process
DES-FOI-2020-0396,,18/11/2020,Refused,All reports or data supporting the decision of the Minister for Education the criterion of ' school historiocal education' from standardisation process
DES-FOI-2020-0397,,21/10/2020,Part-Granted,copies of any correspondence between the Department of Education and the Health and Safety Authority with regard to inspections of schools
DES-FOI-2020-0405,,22/10/2020,Part-Granted,"Records the full cost, to the taxpayer, of the full PDST service, for the last five consecutiveyears"
DES-FOI-2020-0411,,23/11/2020,Granted,Records relating to the Department of Educations euro25,000 spend on media monitoring services
DES-FOI-2020-0412,,24/11/2020,Refused,Correspondence between private schools or boarding schools and the minister for education (or his/her private office or special adviser) in the last 5 months relating to request to allow for international students to be able to come into the country despite covid OR a request for financial support if no int students can come into the country
DES-FOI-2020-0416,,28/10/2020,Granted,"All correspondence between the Department of Further and Higher Education, Research, Innovation and Science and NUI Galway regarding repeat exam fees."
DES-FOI-2020-0424,,29/10/2020,Part-Granted,Correspondences between the Irish Universities Association and Department of Further and Higher Education officials from assistant secretary and up between the 5th and 26th of September relating to the mode of delivery of education (whether in-person or remote learning)
