CASE NUMBER,DATE RECEIVED,REQUESTOR TYPE,REQUEST,DECISION
FOI/Req/24/298,31/12/2024,Other,"I seek, from for the period from January 1, 2020, to the present, the exact number of employees during their probationary period who changed the manager they reported to.",Part-Granted
FOI/Req/25/020,22/01/2025,Media,"Under the Freedom of Information Act 2014, I am requesting access to: All internal documents, guidelines, and briefing materials from January 2022 to present relating to diplomatic terminology and language usage concerning Israel/Palestine matters, including any guidance documents on appropriate terminology and communications protocols.",Refused
FOI/Req/25/022,22/01/2025,Media,"I am writing to request access to records held by the Department of Foreign Affairs under the Freedom of Information Act, 2014. IBEC has reported correspondence with DFA officials between 1 September and 31 December 2024 relating to the costs of doing business affecting Irish aircraft lessors.",Part-Granted
FOI/Req/25/028,24/01/2025,Media,"Under the Freedom of Information Act 2014, I am requesting, on behalf of Ditch Media LTD, access to: All records - briefing documents, internal communications, policy papers etc. - related to the International Holocaust Remembrance Alliance working definition of antisemitism, and the decision by the Department/Minister to endorse it. Please include any correspondence with stakeholders and documents detailing the assessment process. This request covers from January 2023 onwards.",Part-Granted
FOI/Req/25/040,29/01/2025,Media,"I would like to request the following records under the Freedom of Information Act 2014, please."
a. A copy of any correspondence between department officials and the International Holocaust Remembrance Alliance (IHRA) that relates to adopting the IHRA definition of anti-Semitism.
b. Any internal correspondence,and attachments,that discuss adopting the IHRA definition of anti-Semitism. I would like any records dating from 1 July 2024 to present,"please.,Part-Granted"
FOI/Req/25/043,31/01/2025,Other,"Under the FOI act 2014, I wish to request records relating to the following: - the number of internal general service assistant principle (AP) competitions run by the department from each of the years 2019-2024, and the length of time the panel was active for in each competition."
- The number of successful AP applicants assigned to AP roles in the department from each internal panel created from 2019-2024.
- The number of staff that were general service staff before being assigned to an AP role through internal competitions in each of the years from 2019-2024.
- the number of staff that were diplomatic staff before being assigned to an AP role in an internal departmental AP competitions in each of the years 2019-2024
- records relating to advice,guidance and written procedures provided to DFA staff shortlisting or assessing written applications submitted to internal DFA AP completions in each of the years 2019-2024.
- Records relating to advice,"guidance and written procedures provided to DFA staff assessing general service internal AP interviews in each of the years 2019-2024.,Granted"
FOI/Req/25/045,31/01/2025,Media,"A list of meetings on the topic of NGTs between the Irish Permanent Representation of Ireland to the EU and its Dutch and USA counterparts and ask that the list include as much information as possible, i.e.: date, matters discussed, parties present",Refused
FOI/Req/25/049,03/02/2025,Media,Under the Freedom of Information Act 2014 I am seeking a list of e-Submissions submitted to the Minister for Foreign Affairs through the e-submissions channel. I wish for my request to cover the period from 01-01-2025 - 31-01-2025.,Part-Granted
FOI/Req/25/051,06/02/2025,Media,I am making a Freedom of Information request for the following records:
• Copies of correspondence related to the Occupied Territories Bill to/from then-Minister for Foreign Affairs Micheál Martin,current Minister for Foreign Affairs Simon Harris and secretary general Joseph Hackett.
• The correspondence could be to/from (but not limited to the following):
• Multinational organisations;
• Business representative groups
• IDA Ireland
• Enterprise Ireland
• Foreign Governments/embassies.
I am also seeking:
• Copies of the minutes of any meetings involving Mr Martin,"Mr Harris and Mr Hackett where the Occupied Territories Bill was discussed. The time period can be limited to 1/10/2024 and 6/2/2025.,Refused"
FOI/Req/25/053,05/02/2025,Media,I'd like to put in a freedom of information request for the documents below.
"1. Any briefing documents that were provided to the new Minister on their appointment this year.,Part-Granted"
FOI/Req/25/054,10/02/2025,Media,"Under the Freedom of Information Act 2014, I am seeking access to the following records held by your organisation:"
1. Training & Staff Development: o A list of all courses,training sessions,or workshops undertaken by staff with the Irish Centre for Diversity from 2016 to present,including the course title,date,and staff attendance records.
o Copies of training materials provided for these courses,including participant handbooks,slides,and summary guides. If recordings or transcripts exist,I request access to these as well.
o A breakdown of all staff members who have undergone training,specifying: § The number of staff trained § The nature/type of training undertaken § The date(s) of training § The names and roles of all staff who attended training sessions
2. Financial Records: o A record of all payments made by this organisation to the Irish Centre for Diversity from 2016 to present,including either invoices or breakdowns of costs associated with training,consultancy,"or accreditation services.,Part-Granted"
FOI/Req/25/055,10/02/2025,Media,"Under the Freedom of Information Act 2014, I am seeking access to the following records held by your organisation:"
1. Correspondence & Communications:
o Copies of all correspondence (including but not limited to emails,letters,memos,and meeting minutes) exchanged between staff and/or contractors in this organisation and the Irish Centre for Diversity from 2016 to present.
2. Accreditation & Assessments:
o Copies of any records,discussions,or communications,not already covered under point 1,regarding the Irish Centre for Diversity and/or this organisation’s applications,assessments,or accreditation under the Irish Centre for Diversity’s Investors in Diversity Framework and/or Bronze,Silver,"and Gold accreditation schemes.,Refused"
FOI/Req/25/056,11/02/2025,Other,"Under the Freedom of Information Act, 2014, I wish to request access to each FOI Internal review decision letter issued by your organisation in 2024 and any records released therewith, but excluding any decision letter which related exclusively to personal information as defined in Section 2 of the act.",Part-Granted
FOI/Req/25/058,12/02/2025,Other,I wish to receive under the Freedom of Information Act 2014:
"- A copy of all briefing notes prepared for the Minister for the emergency video conference meeting of EU trade ministers on February 12th 2025 Please provide the requested documents in electronic format and an acknowledgement letter as soon as possible. Please also contact me as early as possible if you have any queries about this request.,Refused"
FOI/Req/25/060,17/02/2025,Media,"Under the Freedom of Information Act 2014, I am requesting access to the following records held by your department:"
1. The total expenditure incurred by this department on advertising in media outlets from January 2019 to January 2025.
2. A breakdown of the advertising expenditure for each media outlet,specifying: - The name of the media outlet (print,online,radio,television,social media,"etc.). - The amount spent on advertising with each outlet per year. - A copy of each advertisement.,Granted"
FOI/Req/25/063,17/02/2025,Media,"1. The total cost incurred by the Department related to placing advertisements in online and digital platforms and the names of the platforms involved for 2022, 2023, 2024 and so far in 2025."
2. The total advertising spend by the Department broken down by medium - online,print media,radio,TV and outdoor - for 2022,2023,"2024 and so far in 2025.,Granted"
FOI/Req/25/064,18/02/2025,Media,"- All briefing documents prepared for the Minister for Foreign Affairs that mention or discuss Ireland's obligations under the Genocide Convention, from October 2023 to present"
"- Minutes of any meetings where the Genocide Convention was discussed.,Refused"
FOI/Req/25/068,20/02/2025,Media,"I wish to receive under the Freedom of Information Act 2014, the following to cover the period 1 November 2024-present:"
• All records received by the Tánaiste,Minister of State Richmond,their Advisors,and the Secretary General and Assistant Secretary General,that lobby against implementation of the Occupied Territories Bill from third parties in Ireland,the US and Israel,"and the responses sent.,Refused"
FOI/Req/25/069,21/02/2025,Other,"Under the Freedom of Information Act, 2014, I wish to request access to the most recent notification(s) issued to users of mobile phones supplied by your organisation advising them of policy guidelines and tarrif or subscription details (e.g. policy requiring users not to use handsets while driving, or advising users of any limitations or restrictions on amounts of data or talking time, while on a home network or while roaming)",Granted
FOI/Req/25/070,21/02/2025,Other,"Under the Freedom of Information Act, 2014, I wish to request access to any record which shows the total number of mobile phones used in Ireland (excluding phones used by staff routinely based in Northern Ireland) by your organisation at the end of 2024.",Granted
FOI/Req/25/071,21/02/2025,Media,"Under the FOI Act 2014, I am seeking the following:"
- A record of the amount of money spent by DFA in providing consular assistance in exceptional circumstances e.g. flights,hotels,food,vouchers etc. This data to cover the years 2022,2023,and 2024.
- A record of the amount of money that was repaid in such circumstances for each year.
- The number of people provided consular assistance in each of the above years.
"- The number of people who were provided consular assistance involving exceptional expenditure (as detailed above) for each of the years.,Granted"
FOI/Req/25/072,21/02/2025,Other,1) The amount that was collected and retained in fees by each Irish Honorary Consul by location in the years of 2024 and to-date in 2025 in tabular form,Part-Granted
FOI/Req/25/073,21/02/2025,Other,"I am writing to make a request under the Freedom of Information Act 2014 for information relating to immigration from Ireland to the UK, particularly focusing on potential illegal immigration routes. Specifically, I am requesting the following information:"
1. Does the Irish government have any mechanisms in place to track or estimate the number of immigrants,including those potentially entering illegally,moving from Ireland into Northern Ireland or mainland UK?
2. If such mechanisms exist,please provide the most recent available data on: a) The estimated number of immigrants moving from Ireland to the UK b) The number of individuals caught attempting to enter the UK illegally via Ireland
3. What assessment,if any,"has the Irish government made regarding the potential security risks posed by individuals using Ireland as a route to enter the UK without proper vetting?,Refused"
FOI/Req/25/074,24/02/2025,Other,"Under the Freedom of Information Act 2014, I request access to the following records from 2021 to 2023:"
1. Copies of anonymized performance reviews and feedback provided to probationary Third Secretaries and Administrative Officers
2. Records of guidelines,templates,or standard operating procedures used for conducting performance reviews for probationary Third Secretaries and Administrative Officers.
3. Any internal communications or policies related to the management and evaluation of probationary Third Secretaries and Administrative Officers
4. Anonymized aggregate statistics on probation outcomes for Third Secretaries,including pass/fail rates,extension rates,and termination rates.
5. Anonymized summaries of performance issues commonly raised in reviews of probationary Administrative Officers and Third Secretaries,without identifying individuals.
6. Copies of the DFA’s probation management policies,including any documents outlining the department’s obligations under the “Guidelines on Managing Probation in the Civil Service.”
7. Records demonstrating how the DFA maintains comprehensive records of formal reviews,follow-up actions,and ongoing assessments during probationary periods for Third Secretaries and Administrative Offices
8. Anonymized data on the frequency and nature of formal review meetings held with probationary Third Secretaries.
9. Any departmental policies or guidelines related to accommodating employees with disabilities or neurodivergent conditions during their probationary period.
10. Anonymized data on the number of probationary Third Secretaries who disclosed a disability or neurodivergent condition,"and any accommodations provided.,Part-Granted"
FOI/Req/25/078,26/02/2025,Oireachtas,"1. In accordance with the Freedom of Information Act 2014, can you please provide the number of children born via surrogacy in Ukraine to people who are Irish Residents from January 2022 to date?",Granted
FOI/Req/25/079,26/02/2025,Other,"Information and all correspondence, including the letters, phone calls, meetings and emails, relating to Lobbying return. These activities were carried out to ensure awareness of need for an EU harmonized approach on alcohol labelling. Information requested relates to the meeting from IBEC and any further correspondence as a result of this meeting, both to/from FDI and also with other departments. Furthermore, please provide details of the meeting with Minister Simon Coveney - any briefing documents and minutes also sought. The time period is from 1 September, 2022 to 31 December, 2022. This relates to the below link: https://www.lobbying.ie/return/90740/ibec"
2 Information and all correspondence,including all of the emails referred to,relating to Lobbying return. These emails were exchanged to Ensure understanding of the drink industry's perspectives on proposal to introduce Minimum Unit Pricing in Ireland. Information requested relates to the meeting from IBEC and any further correspondence as a result of this meeting,both to/from FDI and also with other departments. Furthermore,please provide details of the meeting with Special Adviser Paul Fox- any briefing documents and minutes also sought. The time period is from 1 May,2019 to 31 August,"2019 This relates to the below link: https://www.lobbying.ie/return/49748/ibec,Refused"
FOI/Req/25/082,28/02/2025,Media,"Under the FOI Act 2014, I am seeking the following: - a copy of any requests for furnishings, office alterations, artwork, electronic equipment or any other such requests made for changes/alterations/or improvements to office accommodation by the Tánaiste or minister of state, or any of their advisers in the period since they took up their roles. This request should include any follow-up correspondence generated on foot of these requests.",Part-Granted
