Request ID,Date Received,Category,Request Type,Due Date,Decision Date,Decision Made,Summary of Request
DRCD-FOI-2020-0041,24/09/2020,Other,Non personal,20/11/2020,11/11/2020,Handled outside of FOI,"All submissions and lobbying information received (full submissions, not just the list of submissions) relating to the Public Health (Alcohol) Bill/ Act received in 2017 and 2018. All correspondence received by your department from all other Government Departments and public representatives relating to the Public Health (Alcohol) Bill/ Act received in 2017 and 2018."
DRCD-FOI-2020-0039,24/09/2020,Other,Non personal,22/10/2020,21/10/2020,Granted,"All records created on or after 1st January 2018 to date that relate to the Category 2 Doolin Project, funded under the Rural Regeneration and Development Fund."
DRCD-FOI-2020-0040,24/09/2020,Oireachtas/Public Representatives,Non personal,22/10/2020,22/10/2020,Request Withdrawn,"All information relating to media monitoring activities undertaken by, or for, Department of Community and Development in the years 2018, 2019 and 2020 to include"
DRCD-FOI-2020-0038,03/09/2020,Journalist,Non personal,01/10/2020,09/09/2020,Request Withdrawn,"All correspondence, including invoices, receipts and emails, related to any media and/or communications training provided to Ministers in the Department from the period June 27 to the present day."
DRCD-FOI-2020-0036,26/08/2020,Journalist,Non personal,23/09/2020,17/09/2020,Request Withdrawn,all correspondence to and from the offices of Ministers based in the Department regarding the Oireachtas Golf Society from the period 01 March 2020 and the present day.
DRCD-FOI-2020-0035,25/08/2020,Journalist,Non personal,22/09/2020,22/09/2020,Granted,Copies of any invitations to events sent by email or by post to the office of the Minister and junior minister(s) at the department since their appointment in June. I am also seeking the release of any correspondence sent in response to these invitations
DRCD-FOI-2020-0034,20/08/2020,Other,Non personal,16/09/2020,02/09/2020,Request Withdrawn,"Information (posts, comments, shares/retweets, likes etc) that your department has been collecting and collating from Irish Social Media."
DRCD-FOI-2020-0033,18/08/2020,Journalist,Non personal,15/09/2020,14/09/2020,Handled outside of FOI,I am seeking a copy of the Minister's diary for the period from and including 27 June 2020 up to and including 18 August 2020.
DRCD-FOI-2020-0037,12/08/2020,Oireachtas/Public Representatives,Non personal,09/09/2020,27/08/2020,Transferred,Records relating to the recruitment process for the Board of the WDC
DRCD-FOI-2020-0032,14/07/2020,Other,Non personal,12/08/2020,12/08/2020,Refused,All records held by the Department in relation to its policy on exhumation applications. This request covers the period from 1997 to present.
DRCD-FOI-2020-0031,01/07/2020,Journalist,Non personal,28/07/2020,24/07/2020,Refused,A copy of the briefing documents prepared for the new minister.
