FOI Reference,Category,Description,Decision,Decision Date
TRA-FOI-2020-0172,Other,"all records including e-mail, ferry flight applications, cargo manifests and other relating to Wednesday July 1st 2020 Flight CMB 559 Tampa International Airport Florida USA to Shannon Ireland to Souda Naval Base Crete Greece And Friday July 3rd 2020 Flight CMB 559 Souda Naval Base Crete Greece to Shannon Ireland of National Airlines aircraft Registration N567CA held by Department of Transport, Tourism and Sport.",Refused,08/09/2020
TRA-FOI-2020-0173,Journalist,Copies of any briefings/reports/submissions/memos or other such review or explanatory documents prepared for any of the ministers at the department with regard to MTK Global. This request to cover the period 1 January 2020 to date of receipt of the request.,Refused,30/07/2020
TRA-FOI-2020-0174,Journalist,"A copy of any briefing material presented to the new minister on their taking up of office following the election of Taoiseach Micheal Martin on Saturday, June 27 2020.",Refused,29/07/2020
TRA-FOI-2020-0175,Journalist,A copy of any correspondence between Stobart Air UC and the minister/department in 2020.,Refused,06/08/2020
TRA-FOI-2020-0176,Journalist,a copy of the briefing document(s) prepared for the new incoming minister and/or(if different records) the ministers for state in the Department.,Refused,29/07/2020
TRA-FOI-2020-0177,Journalist,All correspondence between Shane Ross and the NTA concerning the possibility of the NTA getting enforcement powers.,Granted,06/08/2020
TRA-FOI-2020-0178,Journalist,All correspondence sent to the Minister by members of the public since April regarding the wearing of face masks on public transport.,Part-Granted,05/08/2020
TRA-FOI-2020-0179,Business/Interest Group,Copy of CAR report,Refused,17/08/2020
TRA-FOI-2020-0180,Other,"Number of motor tax certs issued for passenger cars between 1 July 2019 and 30 June 2020 and the related number of insurer underwriters associated with taxed vehicles. When a motorist pays for motor tax, they are asked for the insurer of their vehicle. It would be great to get information like this",Granted,11/08/2020
TRA-FOI-2020-0181,Business/Interest Group,A copy of the request made by Minister Ross for information to the GAA and or National Child Safeguarding Committee. A copy of the reply by the GAA and or NCSC relating to the Child Welfare investigation and our Club arising from our submission made to the Minister for an investigation.,Part-Granted,10/08/2020
TRA-FOI-2020-0182,Journalist,I wish to make a request under the Freedom of Information Act. Specifically I am looking for all correspondence between the Minister for Transport and the National Transport Authority in relation to BusConnects between March 2020 and present.,Granted,19/08/2020
TRA-FOI-2020-0183,Other,I request all details to be made available to me regarding the total cargo of aircraft AN-225 which arrived to Shannon Airport 10-JUNE-2020,Refused,20/07/2020
TRA-FOI-2020-0184,Journalist,"All rejected applications for the Large Scale Sports Infrastructure Fund (LSSIF) from applications made in 2019 including a project summary, advocates for the project, the total cost of each proposed project, the county in which each project would have been constructed and how much money advocates were seeking from the government under the LSSIF.",Request Withdrawn,-
TRA-FOI-2020-0185,Journalist,"1, All records pertaining to meetings between then Minister for Transport, Tourism and Sport, Shane Ross, then Minister of State Brendan Griffin and representatives of the FAI during the period December 15th 2019 and January 31st 2020. 2, All records pertaining to the creation of the Memorandum of Understanding between the Government and the Football Association of Ireland which was signed by the two sides on January 30th. 3, All minutes of meetings pertaining to the creation of the agreement, both internal and between Department officials or representatives and association officials or representatives. 4, All records relating to discussions between the two parties in relation to the Memorandum of Understanding since its publication on January 30th.",Granted,12/08/2020
TRA-FOI-2020-0186,Journalist,"A copy of all audits completed by the department since January 1, 2019.",Part-Granted,19/08/2020
TRA-FOI-2020-0187,Client,All correspondence between DTTAS and Mercer regarding the IAA Hybrid pension scheme 2012. Also any documents the DTTAS currently has regarding the above pension scheme.,Part-Granted,20/01/2021
TRA-FOI-2020-0189,Journalist,"* Copies of correspondence to/from Minister Eamon Ryan and Minister Hildegarde Naughton and the following organisations on the topic of international travel restrictions due to the coronavirus pandemic: DAA Ryanair Aer Lingus International Airlines Group (IAG) The Irish Air-Line Pilot's Association (IALPA) Irish Aviation Authority Stena Line Irish Ferries The timeframe for the correspondence can be limited to the period June 27, 2020 to July 22 2020. I am also seeking copies of any documents attached to correspondence.",Part-Granted,09/09/2020
TRA-FOI-2020-0190,Journalist,A copy of the review of the latest round of Sports Capital Grants,Request Withdrawn,-
TRA-FOI-2020-0191,Journalist,"1. Correspondence during December 2019, and Jan, Feb and March 2020 between DPER and DTTAS concerning financial support for the Football Association of Ireland; also records of meetings between the two Departments concerning same (to include minutes, agendas, etc.)",Part-Granted,24/08/2020
TRA-FOI-2020-0192,Journalist,A copy of all briefing documents/advisory papers/policy documents prepared for and/or presented to incoming Minister/Minister of State between June 27th and July 24th,Refused,05/08/2020
TRA-FOI-2020-0193,Journalist,"A copy of all correspondence (including emails) between (to and from) the office of the Minister and the FAI since January 1, 2020",Granted,14/08/2020
TRA-FOI-2020-0194,Journalist,A copy of all briefing notes/material prepared for the new minister since his/her appointment last month,Refused,05/08/2020
TRA-FOI-2020-0195,Staff,All TLAC competition posts appointments since 2010 and in particular all correspondences with TLAC and Public Expenditure on the competitions and appointments but not individuals- just processes.,Request Withdrawn,-
TRA-FOI-2020-0196,Journalist,Correspondence between the department and e-scooter company Voi between Mar 1st 2020 and July 27th 2020.,Part-Granted,24/08/2020
TRA-FOI-2020-0197,Journalist,"A list of all meetings between the FAI and department ministers/officials relating to the Memorandum of Understanding (MOU) agreement between the two parties during the period of January 1, 2020, and June 30, 2020. A copy of the agenda and minutes of all the above meetings. A copy of all internal and external communications relating to the MOU during the period of January 1, 2020, and June 30, 2020. A copy of all internal and external communications that contain any reference to the number of independent directors at the FAI increasing from four to six during the period of January 1, 2020, and June 30, 2020. A copy of all correspondence to/from Robert Watt (Secretary-General of the Department of Public Expenditure and Reform) relating to the FAI or Sport Ireland between Jan 1, 2020, and June 30, 2020.",Part-Granted,01/09/2020
TRA-FOI-2020-0198,Journalist,"Details of any purchases of computer equipment, mobile equipment, tablets, laptops, any mobile or computer accessories, any electrical equipment or appliances on behalf of any minister or minister of state at your Department in period between 1 May 2020 and the current date. Copies of any requests for additional office space, furniture, decoration, or paintings by any officeholder, minister of minister of state at your Department in period as outlined above. Copies of the response that was issued in any such instance. Copies of any receipts or invoices associated with the above.",Granted,24/08/2020
TRA-FOI-2020-0199,Other,All records in relation to camera enforcement of restrictions applying to bus lanes between 01/05/20 and 27/07/20.,Part-Granted,12/08/2020
TRA-FOI-2020-0200,Other,"All records of communications between DTTAS and the EU Commission, DTTAS and DCCAE, DTTAS and the EEA, DTTAS and the DAA, and DTTAS and the IAA in relation to Dublin Airport and Regulation 598/2014 since November 1st 2019 and specifically all information related to EU PILOT Ref. No 9469/19",Part-Granted,26/08/2020
TRA-FOI-2020-0201,Journalist,"All correspondence in paper or electronic format, minutes of meetings or phone calls, or mobile electronic communications held by your Department as follows: All correspondence between The Department of Transport, Tourism and Sport and Roy Barrett from 1st January 2020 to 31st January 2020. 2. All correspondence between Sport Ireland and Roy Barrett from 1st January 2020 to 31st January 2020. 3. All correspondence between Sport Ireland and The Department of Transport, Tourism and Sport from 1st January 2020 to 31st January 2020 in connection with the Memorandum of Understanding (MOU) which established an agreement between the Government of Ireland and the Football Association of Ireland. 4. All correspondence between The Department of Transport, Tourism and Sport and the Department of Finance from 1st January 2020 to 31st January 2020 in connection with the Memorandum of Understanding (MOU) which established an agreement between the Government of Ireland and the Football Association of Ireland.",Part-Granted,24/08/2020
TRA-FOI-2020-0202,Journalist,"All communications (e-mails, letters phonecalls, texts etc) both internal and external in 2019 and 2020 regarding efforts to retrieve gold from the sunken RMS Empress of Britain off the coast of Donegal. Please also send me the minutes of any minutes on same, during the same time period.",Part-Granted,31/08/2020
TRA-FOI-2020-0203,Journalist,All records held referring or relating to the review of the Information Commissioner in case OIC-59124-F4M4H9,Part-Granted,27/08/2020
TRA-FOI-2020-0204,Journalist,"A copy of all correspondence between the Department of Sport, the minister or their advisors and the Football Association of Ireland about the company Sportpesa between January 2019 and March 2020.",Refused,05/08/2020
TRA-FOI-2020-0205,Journalist,All communication between the Department of Transport and the Department of Health surrounding the use of face coverings on public transport. All communication between the Department of Transport and the Department of Health surrounding the use of face visors on public transport. All communications between the Department of Transport and the National Public Health Emergency Team about the use of face coverings on public transport,Part-Granted,07/09/2020
TRA-FOI-2020-0206,Journalist,"All direct records and additional or follow up related records in connection with the following lobbying returns: o https://www.lobbying.ie/return/36626/coillteo https://www.lobbying.ie/return/57645/veon-limited (although this lobbying return refers to Mr Shane as a TD, he was still acting as Minister on the date of this meeting on 3rd Jan 2020 as referenced in the lobbying return). In all the above, please exclude any and all correspondence in relation to setting up or organising of physical or virtual meetings.",Granted,05/08/2020
TRA-FOI-2020-0207,Journalist,A copy of the Minister's diary for the period from and including 27th of June up to and including 31st of August 2020.,Refused,11/08/2020
TRA-FOI-2020-0208,Journalist,"The number of drivers who were disqualified from driving (a) in the first seven months (January to July) of 2019, (b) in the first seven months of this year (January to July). I would also like a breakdown by (a) the reason for each disqualification and (b) a county-by county breakdown. I would also like a list of penalty points handed out in the same period - broken down by offence and by county",Granted,14/08/2020
TRA-FOI-2020-0209,Other,"All records held by Department of Transport including nationality and numbers of passengers and including e-mail and any other forms of electronic communication such as Skype Whatsapp Microsoft Teams as used by the Department of Transport relating to the flights: GainJet Aviation aircraft registration number SX-RFA that flew from Washington DC and landed in Dublin Airport at approximately 00:49 on 26th June GainJet Ireland aircraft registration 2-SGSG that departed Dublin Airport for Benghazi Libya at 02:10 approximately on 26th June 2020. GainJet Aviation aircraft registration number SX-RFA that travelled from Benghazi in Libya, and refuelled at Dublin airport at approximately 13:41 on 31st July 2020 GainJet Aviation aircraft registration number SX-RFA Dulles Airport in Washington DC to Benghazi in Libya with a refueling stop at Dublin airport at approximately 03:33 on 2nd August 2020.",Part-Granted,22/09/2020
TRA-FOI-2020-0210,Other,"Records created between 1 March 2019 and 4 August 2020 relating to the consideration of Mr Robert Watt as a candidate for nomination as a member of the board of the Football Association of Ireland. I would like to see copies of correspondence with the Department and between the Department and officials from other Departments, including the Department of the Taoiseach, between the Department and external bodies and individuals including the FAI, and minutes of meetings where the appointment or conflicts of interest were addressed.",Refused,13/08/2020
TRA-FOI-2020-0211,Journalist,"A copy of Minister Eamon Ryan's Diary - dated between 28th June and 5th August - including a list of all appointments/appointees, times and dates.",Refused,11/08/2020
TRA-FOI-2020-0212,Journalist,"Records in relation to tourism matters during the Pandemic – ie February to August 10 Including: 1) records of concerns about tourism premises, hotels, guesthouses, bars, convention centres and risk to health immediately leading up to the shut down in March 2) Similar records in relation to the lead up to reopening in June 3) Records in relation to concerns about price rise of staycations 4) Records in relation to revenue from tourism this year, projections and so on 5) Records in relation to employees in the tourist industry, ie employees coming from abroad as well as indigenous and impact of pandemic on them, need for financial support etc 6) Records in relation to submissions by Department on advice to Nphet/Government on foreign travel 7) Records in relation to overall future of tourist industry in coming years, particularly in relation to foreign visitors Separately records in relation to need for regulation of accommodation industry and inspection of accommodation",Part-Granted,02/09/2020
TRA-FOI-2020-0213,Oireachtas/Public Representatives,"All correspondence and communications of any kind whatsoever between the Department of Transport, Tourism and Sport, its employees, the Minister and/or his advisers and other civil servants and/or the Fianna Fáil, Fine Gael and/or the Green Party or their representatives regarding their programme for Government negotiations. To cover communications from AP level upwards and for the period of time since the general election up to the formation of government.",Refused,21/08/2020
TRA-FOI-2020-0214,Other,"The successful Stobart Air Tender and the actual contract between the Government and Stobart Air for the PSO routes, namely Kerry/Dublin and Donegal/Dublin. Stobart Air are contracted to operate these two services until 31 January 2022",Part-Granted,09/09/2020
TRA-FOI-2020-0215,Journalist,"Under the Freedom of Information Act 2014, may I please access all correspondence and records held by your department for a period between October 2018 and August 2020 about a Protected Disclosure made by Gerry Dunne, the chief executive officer of the Dun Laoghaire Harbour Company, to the then Minister Shane Ross in October 2018. Under the Freedom of Information Act 2014, could I please access all correspondence/records held by your department for a period from October 2018 to August 2020 about a referral/complaint made by Gerry Dunne, the chief executive officer of the Dun Laoghaire Harbour Company, to Graham Doyle, the then Secretary General of the Department of Transport, Tourism and Sport in October 2018 about two officials in the Department.",Refused,11/09/2020
TRA-FOI-2020-0216,Journalist,"All correspondence between the Minister and the Chairman of Fáilte Ireland, including but not limited to correspondence between their secretaries (or the chairman and the minister's secretary or the minister's secretary and the chairman) since 27 June.",Request Withdrawn,-
TRA-FOI-2020-0217,Journalist,A breakdown of any costs/funding associated with the production of 'No Place Like Home' featuring TV presenter Kathryn Thomas in 2020. A list of all advertising/promotional costs relating to staycations or holidaying in Ireland in 2020. A list of any fees paid to individuals relating to staycations or holidaying in Ireland in 2020.,Transferred,-
TRA-FOI-2020-0218,Journalist,"The amount of money spent by the department buying electric vehicles to be used in public transport, i.e electric buses, in the last three years. The amount of money spent by the department buying hybrid vehicles to be used in public transport, i.e hybrid buses, in the last three years. If possible, could this information be broken down by spending each month.",Transferred,-
TRA-FOI-2020-0219,Other,", I would like to receive any information (posts, comments, shares/retweets, likes etc) that your department has been collecting and collating from Irish Social Media. While the information published by the Irish Times could be said to be collecting as a means of ‘gauging public opinion’, the information I am requesting does not need to inherently do the same, but if you could include the purpose for which it was collected, that would be much appreciated.",Refused,31/08/2020
TRA-FOI-2020-0220,Journalist,"A copy of all correspondences between Ken Spratt and Sport Ireland's John Treacy and/or Kieran Mulvey covering the period Jan 1, 2019, to May 31, 2020",Granted,08/09/2020
TRA-FOI-2020-0221,Journalist,"Copies of any invitations to events sent by email or by post to the office of the Minister and junior minister(s) at the department since their appointment in June. I am also seeking the release of any correspondence sent in response to these invitations, either by the minister(s) themselves or their secretary.",Granted,23/09/2020
TRA-FOI-2020-0222,Business/Interest Group,"The summary document for the 2017 public consultation greenway strategy, all communications between DTTAS, TII, Westmeath CC regarding the Greenway Strategy, the total number of submissions received, the number of submissions opposing CPO, land severance.",Part-Granted,12/10/2020
TRA-FOI-2020-0223,Journalist,All correspondence to and from the offices of Ministers based in the Department regarding the Oireachtas Golf Society from the period 01 March 2020 and the present day.,Granted,23/09/2020
TRA-FOI-2020-0224,Other,I wish to obtain records of all correspondence between the Department of Tourism and the Irish Hotels Federation about the interpretation/advice on Covid-19 restrictions and the protocol agreed between the parties for the implementation of any guidelines,Granted,05/10/2020
TRA-FOI-2020-0225,Other,"Under the Freedom of Information Act 2014, I am seeking ALL Records relating to the pre-establishment and establishment of the: - ROAD TRAFFIC (National Car Test) REGULATIONS 2014 - Statutory Instrument No. 322 of 2014 and ROAD TRAFFIC (National Car Test) REGULATIONS 2017 Statutory Instrument No. 415 of 2017. ALL Records of EC and EU Council and Commission Directives that they planned be incorporated into Irish Law in these Statutory Instruments. To be specific, all Records on the very important question of a new type of IDENTIFICATION, in relation to Irish National Car Tests and Irish National Driving Licences. All Records and correspondence, physical and digital records, transcripts of all discussions, telephone conversations, particularly Data Sharing/Exchanges between the Department of Transport, Tourism and Sport with any Government Departments, Associated Bodies and Agencies of the Departments, the State's Contractors and Agents, particularly with the Road Safety Authority, the National Car Test Service and the National Driving Licence Service and, if relevant the NRA and NTA. ALL Records of the input and role and /or powers of the Road Safety Authority (RSA) in the introduction of the new and 'mandatory' IDENTIFICATION? What entities initiated and requested changes to the type of IDENTIFICATION to be produced in order to obtain National Car Test Certificates and also Driving Licences? Please Supply Certified and Signed Copies of all Records? Also supply any and all other Records in relation to the IDENTIFICATION issue in your possession and not just in relation to the number of Items that are specifically requested here. Why did the Department of Transport, Tourism and Sport deem it more advantages to deal with the whole question of a new form of IDENTIFICATION by way of Statutory Instruments?",Refused,29/09/2020
TRA-FOI-2020-0226,Journalist,Correspondence between the Irish Hotels Federation and the relevant department from August 10 to present. Any internal correspondence between the secretary general or relevant assistant/deputy secretary general and other staff members on the above correspondence.,Granted,25/09/2020
TRA-FOI-2020-0227,Journalist,"all records of communications between Department officials of level assistant principal and higher regarding the National Vehicle and Driver File in the context of online transfer of ownership of vehicles, dating from August 20 to the date of this email.",Granted,28/09/2020
TRA-FOI-2020-0228,Journalist,"Minutes of meetings held between Minister Eamon Ryan and Alan Kelly TD, Peadar Tóibín TD on 30 July and of a meeting between Minister Ryan and Pauline O'Reilly on 29 July. This request should include all emails/correspondence relating to these meetings - including requests to hold them and any follow-on emails post meeting - dated between 25 June and 31 August.",Granted,28/09/2020
TRA-FOI-2020-0229,Journalist,"Copies of correspondence between Minister Shane Ross and Facebook Ireland head Gareth Lambe between January 1st, 2020 and April 30th, 2020. In particular, correspondence relating to the issue of cycling in Dublin.",Granted,25/09/2020
TRA-FOI-2020-0230,Journalist,"Correspondence received by the Minister or Department in relation to Daniel Kinahan and a boxing promotion he is involved with, MTK Global, from January 1, 2020 to date, as well as a copy of any internal departmental correspondences relating to Daniel Kinahan and his boxing promotion from January 1, 2020 to date.",Refused,29/09/2020
TRA-FOI-2020-0231,Journalist,"A copy of meeting minutes, agenda, submissions made by the parties, and any briefing documents prepared by the department for the meeting between New Stadium Designated Activity Company and Ken Spratt.",Part-Granted,29/09/2020
TRA-FOI-2020-0232,Journalist,"copy of all documents, including any subsequent correspondence and or internal departmental communications, related to the following lobbying return: https://www.lobbying.ie/return/60506/obrien-pr",Part-Granted,22/09/2020
TRA-FOI-2020-0233,Journalist,"All correspondence relating to a meeting between Minister Eamon Ryan, Cllr Michael Pidgeon, Cllr Claire Byrne and DCC Chief Executive Owen Keegan. This should include any correspondence requesting meeting, correspondence ahead of meeting, minutes of meeting held and any follow-up correspondence post- meeting - dated between 25th June and 31st August.",Granted,30/09/2020
TRA-FOI-2020-0234,Other,"Records of correspondence between the National Transport Authority and the Department of Transport, Tourism and Sport in relation to funding due to Covid-19. **Dates: from February 2020 to June 2020.",Part-Granted,08/10/2020
TRA-FOI-2020-0235,Oireachtas/Public Representatives,All ingoing and outgoing correspondence between the Department and/or Minister Shane Ross and the below three individuals for the period 01/01/2019-01/01/2020: Mr. Niall Quinn Mr. Roy Barrett Mr. Gary Owens,Granted,08/09/2020
TRA-FOI-2020-0236,Journalist,"Copies of any correspondence: emails, letters, notes of telephone conversations between officials at the department and the Irish Hotels Federation or Failte Ireland between Monday, August 17th and Saturday, August 21st seeking clarification on the Covid-19 guidelines for indoor gatherings/functions in relation to the Oireachtas Golf Society event in the Station House Hotel in Clifden, Co Galway on Wednesday, August 19th. Copies of any correspondence: emails, letters, notes of telephone conversations between officials at the department and members of the Oireachtas or the Oireachtas Golf Society between Monday, August 17th and Saturday, August 21st seeking clarification on the Covid-19 guidelines for indoor gatherings/functions in relation to the Oireachtas Golf Society event in the Station House Hotel in Clifden, Co Galway on Wednesday, August 19th.",Refused,17/09/2020
TRA-FOI-2020-0237,Oireachtas/Public Representatives,A copy of application and all associated paperwork and internal memos and a copy of decision in relation to an application by Galway City Council relating to the Galway regional aquatic and fitness centre which was applied for under the Large scale sport infrastructure fund - stream 2 in spring 2019.,Part-Granted,30/09/2020
TRA-FOI-2020-0238,Journalist,"All correspondence, including invoices, receipts and emails, related to any media and/or communications training provided to Ministers in the Department from the period June 27 to the present day.",Refused,29/09/2020
TRA-FOI-2020-0239,Journalist,"All correspondence, including any texts, emails, transcripts of calls, or private messages between the Minister for Transport and Rose Hynes between the period 27 June 2020 and the present day. All correspondence to the Minister for Transport from TDs and Senators regarding Shannon Group between the period 01 April 2020 and the present day. All correspondence, including any texts, emails, transcripts of calls, or private messages, between the Minister for Transport and Niall O'Callaghan from Shannon Heritage between the period 01 January 2020 and the present day.",Part-Granted,01/10/2020
TRA-FOI-2020-0240,Journalist,Correspondence between the department and Lime regarding electric scooters in Ireland and minutes of any virtual meetings held. Between the period March 1 2020 and Sep 7 2020.,Refused,30/09/2020
TRA-FOI-2020-0241,Other,"Any records relating to speed limits and enforcement of speed limits created between Jan 1st 2019 and August 31st 2020 inclusive. ***** Clarification ***** I am interested in any reports / memoranda / internal correspondence / correspondence with outside bodies relating to (i) enforcement of speed limits, (ii) challenges faced in such enforcement, (iii) resources needed for same and/or (iv) consideration of enforcement measures relating to road safety matters.",Refused,07/10/2020
TRA-FOI-2020-0242,Other,all records held by Department of Transport Tourism and Sport relating to the flight of Silk Way Italia 4k-sw888 to Shannon from Baku on 28th of January 2017.,Refused,14/09/2020
TRA-FOI-2020-0243,Journalist,A copy of any written submissions made in 2020 to the Department or to the Minister's office regarding the composition of the board of Shannon Group and its chairmanship,Part-Granted,09/10/2020
TRA-FOI-2020-0244,Journalist,I wish to request correspondence between the Department of Transport and Kerry Airport in relation to - Covid-19 advice sought and given and any correspondence to and from in relation to this - Funding of the airport going forward - Internal documents by the Department of Transport appraisals of Kerry Airport and its future - Any correspondence between the Department and the DAA in relation to survival and financial support of Kerry Airport vis a viz Cork Airport in the light of the pandemic,Part-Granted,08/10/2020
TRA-FOI-2020-0245,Journalist,"Correspondence (sent and received), between the Minister and all corresponding Ministers of State in their department, between 1st July to 14th September",Refused,12/10/2020
TRA-FOI-2020-0246,Journalist,A list of all submissions made to the Minister or Ministers of State at your Department using the e-submissions system (or whatever relevant/similar system is in place at your Department) in the period 1 July 2020 to the date of receipt of this request. This request is to include the date of the submission and its title. I am not seeking copies of the submissions themselves.,Part-Granted,14/10/2020
TRA-FOI-2020-0247,Journalist,"A copy of all correspondence (including emails) Minister Eamon Ryan has received from Irish Rail, Bus Eireann, Transdev (Luas) and the DAA since his appointment, in relation to Covid-19 and financial matters",Part-Granted,20/10/2020
TRA-FOI-2020-0248,Journalist,"A copy of all correspondence (including emails) Minister Eamon Ryan has received from Dublin Bus since his appointment, in relation to Covid-19 and financial matters",Refused,07/10/2020
TRA-FOI-2020-0249,Journalist,"A copy of a correspondence Minister Eamon Ryan has received since his appointment from Ireland West Airport at Knock, Shannon Airport and Aerfort Chonamara, in relation to Covid-19 and financial matters.",Refused,15/10/2020
TRA-FOI-2020-0250,Journalist,"The first aid syllabus for Irish Coast Guard (IRCG) volunteers and staff. The training provided to IRCG volunteers and staff for spinal and neck immobilisation. Training provided to IRCG volunteers and staff for stretcher loading and care. Training for to IRCG volunteers and staff on the use of oxygen. Pain management training provided to IRCG volunteers and staff. IRCG volunteers and staff training for hypothermia and equipment provided for treating/managing a case of hypothermia. A record of the procedure for IRCG volunteers and staff when lifting a casualty into a boat, including a list of the IRCG teams in possession of this equipment and training and the IRCG teams not in possession of same. IRCG policies on Casualty Handling",Handled outside of FOI,25/09/2020
TRA-FOI-2020-0251,Journalist,"Copies of correspondence between Ronan Group Real Estate and Graham Doyle, as outlined in the following lobbying return: https://www.lobbying.ie/return/63637/ronan-group-real-estate",Transferred,-
TRA-FOI-2020-0253,Other,It is my understanding that Minister Ryan had a meeting with the group West on Track within the last three months. Under Freedom of Information I am asking for the minutes of that meeting and a list of all attendees. I am also seeking any correspondence in relation to this meeting. I am also seeking copy of any correspondence received by the Minister from TDs Eamon Ó Cuiv and Dara Calleary at anytime during 2020.,Granted,22/10/2020
TRA-FOI-2020-0254,Other,"a complete list of all passenger flights in April 2020 including private flights from Shannon to include the details: Date, Aircraft ID, Carrier, Destination Airport, Nationalities of Passengers",Request Withdrawn,-
TRA-FOI-2020-0255,Other,All records pertaining to the flight and landing of u.s.army 09-00646 in Shannon on 23/09/2020. and All records pertaining to the flight and landing of u.s.army 11-00265 in Shannon on 21/09/2020.,Request Withdrawn,-
TRA-FOI-2020-0256,Journalist,All records pertaining to the flight and landing of N546JN to Shannon on 10/02/2020.,Request Withdrawn,-
TRA-FOI-2020-0257,Journalist,All correspondence between Minister Ryan and Lucy Yu / Voi Technology in 2020. Details of the correspondence are referred to in the following lobbying return: https://www.lobbying.ie/return/63622/instinctif-partners-public-affairs-ireland,Granted,22/10/2020
TRA-FOI-2020-0258,Other,"All submissions and lobbying information received (full submissions, not just the list of submissions) relating to the Public Health (Alcohol) Bill/ Act received in 2017 and 2018. Furthermore, I am also requesting all correspondence received by your department from all other Government Departments and public representatives relating to the Public Health (Alcohol) Bill/ Act received in 2017 and 2018.",Granted,30/11/2020
TRA-FOI-2020-0259,Journalist,"Correspondence between both (or either) of your departments and the FAI in the last 12 months in relation to Ireland's potential world cup bid 2030 with the UK. The amount of money spent in preparation for any such bid. Any memos, internal reports also created as a result of any planning for such a bid.",Transferred,-
TRA-FOI-2020-0260,Journalist,Any reports compiled in relation to the ownership/operating structure of Cork airport.,Refused,22/10/2020
TRA-FOI-2020-0261,Journalist,Any correspondence/briefings/memos/audits/minutes of meeting between the national transport authority and this department and its minister relating to the BusConnects project from January 2020 until September 28th. Any internal department correspondence/briefings/memos/audits relating to the BusConnects project from January 2020 until September 28th.,Part-Granted,28/10/2020
TRA-FOI-2020-0262,Other,"1. any correspondence, communication, memoranda, documents relating to the clarification referred to by Ireland Active regarding the application of Level 3 in the government's 5 point Covid-19 plan. Ireland Active have received some clarification from the Expert Group on Return to Sport regarding the application of Level 2 and 3 for the sector, and below are the relevant points. We understand that any move to Level 3 in Dublin will impose significant challenges for businesses and we are here to support our members in this regard (from https://irelandactive.ie/covid-19/) Ireland moved to Level-3 on 18 September 2020. I understand that the clarification was sought on foot of the document issued by the Expert Group on Return to Sport dated 17 September 2020. I wish to obtain copies of any correspondence relating thereto between Ireland Active and the Expert Group.",Transferred,-
TRA-FOI-2020-0263,Journalist,"1. Correspondence between the Minister and the chief executive of the NTA, between 1st July and 28th September 2020",Refused,27/10/2020
TRA-FOI-2020-0264,Journalist,"Any correspondence between the Minister and Bus Éireann regarding proposals and a decision by the company to cancel Expressway services. I am also requesting any minutes or notes of meetings between the Minister and Bus Éireann representatives regarding the same. My request should include, but not be limited to, records containing the company's financial position and and advance warning sent to the Minister about the company's decision. Correspondence between the Minister and representatives of the NTA, and minutes of meetings involving the NTA regarding the same. My request is also limited to dates between 1 June and the present date.",Granted,19/10/2020
TRA-FOI-2020-0265,Journalist,Correspondence send and received between the Minister and the Irish Coast Guard between 1st January and 29th September 2020 (excluding event invitations),Refused,28/10/2020
TRA-FOI-2020-0266,Journalist,Correspondence send and received between the Minister and the Irish Coast Guard between 1st January and 29th December 2019 (excluding event invitations).,Refused,28/10/2020
TRA-FOI-2020-0267,Journalist,"A copy of the report conducted into the issue of malfunctioning lifejackets by the Irish Coast Guard, the supplier and the manufacturer, arising from issues in late 2019.",Refused,16/10/2020
TRA-FOI-2020-0268,Journalist,". A breakdown in the cost paid to the firm Graphite Hrm Ltd by The Irish Coast Guard, for each of the years: 2016, 2017, 2018, 2019 and 2020 to date.",Granted,28/10/2020
