Ref Number,Category Of Request,Description Of Request,Decision
FOI2016054,Journalists,Copies of all communications with the Department and the Minister in the last year related to the admission of mixed-martial arts sports and other combat sports for membership of Sport Ireland.,Withdraw
FOI2016055,Journalists,Data set relating to road deaths and accidents in each Irish county in respect of the full year 2015: - the total number of road deaths: by cause; by licence type; by age; by gender - the total number of road injuries: by cause; by licence type; by age; gender - the total number of road accidents/collisions; by cause; by licence type; by age; by gender,Refuse
FOI2016056,Journalists,Copy of the Briefing Notes prepared for the new Minister.,Withdraw
FOI2016057,Business/Interest Groups,Information regarding grants given in Dec 2010 towards a professional-grade Red Camera.,Refuse
FOI2016058,Others,All records in relation to the number of cyclists who have received on-the-spot fines since their introduction in August 2015.,Refuse
FOI2016059,Business/Interest Groups,Section 10 FOI request,Refuse
FOI2016060,Others,Car Tax Receipts: how is the Car/Road Tax distributed or shared out and whether it all go to individual counties?,Refuse
FOI2016061,Journalists,"All representations made to the Department by employees of Transdev, between 01.01.2016 and 13.04.2016.",Withdraw
FOI2016062,Journalists,"All correspondence between the Dept, including representatives and officials of the Minister, and both Transdev and SIPTU, between 01.01.2016 and 12.04.2016.",Part Grant
FOI2016063,Journalists,"No. of Staff Sick Days for 2014, 2015 and 2016 and cost of any temporary/substitute cover.",Withdraw
FOI2016064,Journalists,"All correspondence and all records of meetings from the last three years between the department of sport and the minister for sport, Michael Ring, and John Treacy, chief executive of Sport Ireland, related to the admission of admission of mixed-martial arts sports for membership of Sport Ireland. All correspondence and all meetings from the last three years between the Department of Sport and the Minister for Sport, Michael Ring, and Professor Dan Healy, related to the admission of admission of mixed-martial arts sports for membership of Sport Ireland. All correspondence and all meetings from the last three years between the Department of Sport and the Minister for Sport, Michael Ring, and any members of the Irish Amateur Pankration Association, related to the admission of admission of mixed-martial arts sports for membership of Sport Ireland.",Withdraw
FOI2016065,Others,"All records held by the Department of Transport, Tourism and Sport re 'sulky racing' in Ireland dated between January 2015 and April 14 2016. To include correspondence in all forms to and from the department on the subject (including correspondence from members of the public). All internal memos and reports on the subject. Minutes of any meetings held on the subject.",Part Grant
FOI2016066,Others,1) Copies of all statements/invoices relating to the visit to Nashville and New York between 13-16th September 2015 by Minister Paschal Donohue. 2) Copies of all statements/invoices relating to staff within the Department that accompanied the Minister on this trip.,Grant
FOI2016067,Journalists,All records containing advice received from Dept Of Foreign Affairs and Trade in relation to the 38 cases where requests for munitions exemptions by foreign aircraft in 2015 were refused.,Part Grant
FOI2016068,Journalists,"All documents, including correspondence, since Jan 2013, regarding the subject of Mixed Martial Arts.",Part Grant
FOI2016069,Journalists,"Any correspondence between 01.08.2015 - 26.04.2016, between any person employed by Dept of Sport and any person employed by, or who was speaking on behalf of Royal Dublin Society.",Part Grant
FOI2016070,Journalists,"Letter/ Submission to RDS CEO to Minister M.Ring detailing submission sent on RDS main stadium redevelopment, full submission / cover letter.",Part Grant
FOI2016071,Others,Examination reports on IAA conducted by Helios.,Refuse
FOI2016072,Journalists,"Copies of records dealing with the separation of Shannon Airport and the DAA, from 25.02.2011 to 31.12.2012 including all correspondence on the matter involving Shannon Airport, DAA, the Department and the Minister; copies of all reports produced on the issue by these agencies and/or their agents; copies of all documents, correspondence and minutes of meetings involving the Shannon Aviation Business Development Task Force and the Shannon Airport Shannon Development Change Management Task Force, including preliminary/draft reports produced by them.",Part Grant
FOI2016074,Journalists,All correspondence between the Dept & Volkswagon since Sept 2015. All documents/minutes/notes etc.,Grant
FOI2016075,Others,"Further to Parliamentary Question 7839/16, the name/type of munitions in each of the 38 munitions exemptions requests that were refused in 2015 and the county of origin of those applications that were refused. In each of the 38 refusals, I am seeking a text of the advice received from the Dept of Foreign Affairs in each case of refusal. I am also seeking correspondence from the Dept to the parties involved in the 38 refusals containing the order that the Dept has refused the application.",Part Grant
FOI2016076,Journalists,Copy of briefing material supplied for the new Minister of Transport.,Withdraw
FOI2016077,Others,Briefing prepared for new Minister of Transport.,Withdraw
FOI2016078,Journalists,Copies of all briefing materials for new Minister and same for incoming junior minister/s.,Refuse
FOI2016079,Oireachtas,Full copy of briefing material for new minister.,Withdraw
FOI2016080,Journalists,Briefing for new minister.,Withdraw
FOI2016081,Others,The number of cars taxed under vintage car tax annually from 2012-2016. How many were taxed under the vintage tax for the first time during the same period.,Grant
FOI2016083,Journalists,Briefing for new Minister.,Withdraw
FOI2016084,Journalists,Briefing for new Minister.,Refuse
FOI2016085,Journalists,Briefing for new Minister.,Refuse
FOI2016086,Journalists,Briefing for new Minister.,Withdraw
FOI2016087,Journalists,"Correspondence between Dept & MMA Federation since start of 2016. Correspondence between Dept/other bodies involved in MMA including Irish Amateur Pankration Association & promoter Total Extreme Fighting. Internal correspondence relating to meeting between Minister and MMA late April/early May, including briefing prepared for Minister/minutes/memos.",Part Grant
FOI2016088,Others,All briefs etc position papers prepared for ministers on subject of Western Rail Corridor between 01/2016-11/05/16. Most recent records with passenger numbers on rail services between Limerick & Athenry.,Refuse
FOI2016089,Journalists,"Copies of all invoices and receipts relating to any travel undertaken by an officeholder, minister, or minister of state for St Patrick's Day 2016. Copies of all invoices and receipts relating to a spouse or partner if they travelled with the officeholder, minister or minister of state. A copy of the itinerary for the above trip. Copies of any records relating to the repayment of expenses for mileage or any other expense category by an officeholder, minister or minister of state at your Department to cover the period 01.01.2014 to 12.05.2016.",Grant
FOI2016090,Journalists,"Records prepared about the meeting between the GPA & Minister Paschal Donohue early 2016, including any documents, minutes, memos etc.",Part Grant
FOI2016091,Journalists,"Details of any purchases of computer equipment, mobile equipment, tablets, laptops, or any mobile or computer accessories on behalf of any officeholder, minister or minister of state at your Department in period between November 2015 and 12.05.16. Copies of any receipts or invoices related to the above.",Grant
FOI2016092,Journalists,Ministers briefing.,Refuse
FOI2016093,Others,Request for details if any for all applications made by Kerry County Council to the Dept of Transport for funding for the National Cycle network funding scheme 2014/2016.,Grant
FOI2016094,Others,"All information in relation to the revision of the TEN -T maps and applications to the EU, 2011 & subsequently.",Part Grant
FOI2016095,Journalists,Briefing Material for the Minister further to his appointment on 6 May.,Withdraw
FOI2016096,Journalists,"All correspondence (letter, email, memorandum) between Mr Ulick McEvaddy of Huntstown Airpark or Omega Air, or any of his other corporate vehicles, and the former Minister for Transport, Paschal Donohue T.D. or any of his senior officials.",Part Grant
FOI2016098,Oireachtas,"All information in relation to Ardee Bypass in Co Louth & its exclusion from Departments Capital Plan, including how it was considered in the Department's Strategic Investment Framework for Land Transport.",Refuse
FOI2016099,Journalists,Briefs/memos/minutes/correspondence relating to the meeting 20.04.2016 between Minister Ring AS Spratt & John Treacy in relation to MMA,Part Grant
FOI2016100,Journalists,Copy of Briefing prepared for the incoming Ministers of State in the Department.,Withdraw
FOI2016101,Others,Minutes of the January 2016 meeting of the oversight board set up to oversee Ireland's bid for the rugby world cup; and copies of all correspondence to committee members between May 2015 and 20 May 2016.,Refuse
FOI2016102,Others,"Complaints of anti-social behaviour (assaults, verbal abuse etc.) made by the public, or staff regarding incidences on Dublin Bus, Luas & Dart services, or at the stops of these services, since Jan 2012.",Part Grant
FOI2016103,Journalists,"Copies of all correspondence - both written and electronic - between your Department and any other Department relating to the appointment of staff by the minister in period 01.04.2016 to 23.05.2016. Copies of any records - to include emails, memos, letters, faxes, handwritten notes etc. - relating to payment of salaries in excess of agreed pay scales to any such ministerial appointments.",Grant
FOI2016104,Journalists,The names of all the people (along with their job title) who have been appointed by the minister or ministers of state at your Department since their appointment.,Part Grant
FOI2016105,Journalists,"(1) Copies of Department records created this year relating to the possibility of extending a runway at Waterford Airport; and (2) a copy of any cost-benefit analysis, value for money report regarding extending of a runway at Waterford Airport, since 01.01.2010.",Refuse
FOI2016106,Journalists,Copy of the letter sent to Minister of State Ring by the FAI referred to in a lobbying return attached with Request and relating to a funding proposal.,Withdraw
FOI2016108,Journalists,"A breakdown of payments made to companies for English-to-Irish translating services for 2013, 2014 and 2015.",Refuse
FOI2016109,Others,Copy of letter of resignation of Mr Seamus Matthews from the Drogheda Port Co. Board to the Minister.,Part Grant
FOI2016110,Journalists,"Correspondence between Camogie Association and Dept of transport, on funding support for Inter-county camogie and ladies football, as published on the register of lobbying on May 25th.",Grant
FOI2016111,Journalists,"All correspondences, letters, documents, etc. to/from/between the Department and Ryanair, from 01.01.2015 to 31.05.2016.",Withdraw
FOI2016112,Journalists,"All correspondences, letters, documents, etc. to/from/between the Department and Aer Lingus, from 01.01.2015 to 31.05.2016.",Withdraw
FOI2016113,Journalists,"All correspondences, letters, documents, reports, etc., regarding unauthorised airspace incursions, from 01.01.2015 to 31.05.2016.",Refuse
FOI2016114,Journalists,All correspondence letters documents reports etc. regarding US Pre-clearance at Dublin Airport from Jan 2001 -31 May 2015.,Part Grant
FOI2016115,Journalists,All correspondence and documents regarding MMA from 01.03.2016 - 31.05.2016.,Part Grant
FOI2016116,Journalists,"All correspondence and documents, reports, etc. regarding the Rugby World Cup bid, Oct 15 - 31/5/16.",Refuse
FOI2016117,Others,All correspondence to the Minister from Seamus Matthews Director of Drogheda Port Company.,Part Grant
FOI2016122,Others,"Licence information for: Extreme Event Ltd, Galway Bus Ltd, Paddywagon Ltd, Paddywagon Tours Ltd.",Refuse
FOI2016123,Others,"Leisureland Boiler Replacement CHP Plant Supply and Installation and ancillary works, Grant Application to the DTTAS. 1: please provide copies of any document that shows a detailed breakdown of the sums intended to be expended prior to the above installation. 2: please provide copies of any document that shows a detailed breakdown of the sums spent on the above by the Galway City Council after the project was completed.",Refuse
FOI2016124,Others,All records relating to the application and approval of a €200,000 grant to Athlone Town AFC as part of the 2015 Sports Capital Programme.,Part Grant
FOI2016125,Journalists,Any correspondence between Minister Ross and the Taoiseach Enda Kenny or his office/advisers in relation to appointments to the European Investment Bank and any response from the Taoiseach.,Grant
FOI2016126,Business/Interest Groups,"Relating to the proposed Dublin Airport runway for which planning permission was granted by An Bord Pleanála in 2007, copies of all correspondence emails and memos between the Department and the Dublin Airport Authority and any other Government Department.",Part Grant
FOI2016127,Journalists,"Regarding the regeneration and redevelopment of Páirc UÍ Chaoimh between 01.01.2015 and 15.06.2016, all correspondence, including email, letters and documents, between (i) the Department, including officials and the Minister, and Cork Co. Board and its officials and/or any agents of Cork Co. Board, and (ii) the Department and the Department of Public Expenditure and Reform.",Part Grant
FOI2016128,Journalists,"A copy of all briefing documents and correspondence, including memos and emails, with the Minister regarding plans for the proposed second runway at Dublin Airport announced in April 2016.",Part Grant
FOI2016129,Journalists,Correspondence between Transport & Dept Taoiseach regarding appointments to the European Investment Bank or to the board or management of any other state or public bodies in Ireland. From 01 April - to date.,Grant
FOI2016130,Journalists,"Ministers diary, from date of new position to present, to include all meetings/appointments.",Grant
FOI2016131,Journalists,"For the period 01.09.2015 to 21.06.2016 (1) all correspondence between Mr Andrew Byrne Head of Public Policy UK, for Uber, and the Dept; (2) all minutes of meetings between Mr Byrne and former Minister Donohoe and/or Department officials; (3) all correspondence between former Department of Finance Secretary General, Mr John Moran, on behalf of Uber, and the Dept; and (4) all minutes of meetings between former Minister Donohoe and/or Dept officials and Mr Moran on behalf of Uber.",Part Grant
FOI2016132,Journalists,A copy of Ministers diary between 06 May 16-21 June 16.,Grant
FOI2016134,Journalists,Information about applications from local authorities for funding roads improvement & maintenance projects.,Withdraw
FOI2016135,Oireachtas,Documents prepared for release in the event that Britain voted to remain in the EU.,Part Grant
FOI2016136,Oireachtas,"Any internal reports & recommendations produced by Dept of transport, as well as documents produced by Dept from May 15 to date in relation to potential effects of Britain leaving the EU.",Part Grant
FOI2016137,Journalists,"All documents held by Dept pertaining to Motor insurance costs and or the motor insurance industry generally, Jan 2015 - 27 June 15.",Withdraw
FOI2016138,Journalists,Request for all copies of reports/plans/risk assessments relating to BREXIT referendum compiled by the Department.,Part Grant
FOI2016139,Journalists,"Records that show how much the Dept spent on travel, accommodation & subsistence for Ministers & officials to attend the EURO 2016 matches. Copies of receipts/bills where available. Copies of records showing what work the ministers & officials engaged in while in France.",Grant
FOI2016097,Other,"Copy of notes from a meeting held 19.01.2012 at Department of Transport, any briefing notes for the Minister arising from the meeting, any emails sent by officals after the meeting which referred to the meeting.",Refuse
