Request Number,Date Received,Request Category,Due Date,Decision Made,Request Details
TCAGSM-FOI-2024-0082,02/04/2024,Other,30/04/2024,Granted,"Access to any record which assesses / recommends payment or refund (or recommends non-payment or non-refund) of education fees in respect of any single training / education course undertaken by a member of staff in your Department/ Office (including staff serving abroad) which cost more than €3,000 per annum in the years 2023 and 2024. The request can be limited to the following headings:Year, e.g. 2023/ 2024. Place of study, e.g. Ireland / Abroad. CostApproved Y/N.Refunded in full Y/N"
TCAGSM-FOI-2024-0083,02/04/2024,Journalist,11/07/2024,Part-Granted,A copy of the PWC review (carried out in 2023) of the National Concert Hall's restoration/redevelopment. Any communication received by the Minister concerning the cost overrun of the project in the last six months.
TCAGSM-FOI-2024-0084,02/04/2024,Journalist,30/04/2024,Part-Granted,"A list of esubmissions submitted to the Minister for Tourism, Culture, Arts, Gaeltacht, Sport and media through the e-submissions channel. I wish for my request to cover the period from 01-03-2024 - 31-03-2024."
TCAGSM-FOI-2024-0085,02/04/2024,Journalist,30/04/2024,Part-Granted,Any records relating to the Minister's announcement on March 27 of a simplified media mergers notification procedure
TCAGSM-FOI-2024-0086,02/04/2024,Other,30/04/2024,Part-Granted,"Copies of any records held by Minister Catherine Martin relating or referring to her attendance at the SXSW festival and/or any discussion or controversy surrounding her attendance. Searches ofany mobile phones, relevant private email addresses and/or messaging services should be considered when processing this request."
TCAGSM-FOI-2024-0087,02/04/2024,Other,30/04/2024,Part-Granted,Copies of all high-level correspondence between the National Archives and the Department of Agriculture with regard to plans for the archives of the Land Commission. This request to cover the period 1 Jan 2023 to date.
TCAGSM-FOI-2024-0088,05/04/2024,Other,03/05/2024,Granted,"A copy of the joint representation made to the department by national cultural institutions with regard to the lower than expected level of funding provided to them in Budget 2024. A copy of any correspondence between the department and any of the institutions with regard to the joint representation. A copy of any submissions, or other such high-level documents, prepared for the minister or the secretary general with regard to the above matters."
TCAGSM-FOI-2024-0089,29/04/2024,Other,28/05/2024,Part-Granted,"Correspondence exchanged between the Department of Tourism, Culture, Arts, Gaeltacht, Sport & Media, inclusive of the Minister for the Gaeltacht, and the management or owners of Coláiste na Mumhan, Ballingeary, Co. Cork from January 2022 to April 29th 2024."
TCAGSM-FOI-2024-0091,10/04/2024,Other,09/05/2024,Refused,"Copies of any submissions or equivalent high-level documents created for the Minister for the Gaeltacht or the Secretary General regarding proposed policy changes aiming, recommending, or pertaining to exclusion of Irish colleges situated in the Gaeltacht regions from eligibility to apply as providers of accommodation for various categories of asylum seekers. This includes beneficiaries of temporary accommodation, international protection applicants, international individuals seeking accommodation or refuge, etc. Copies of correspondence or documentation exchanged between the management or owners of Irish colleges and the Department / Minister for the Gaeltacht concerning changing the use of the college from summer college for school students to accommodation for refugees, Ukrainians, asylum seekers, or other similar categories as mentioned above."
TCAGSM-FOI-2024-0095,17/04/2024,Journalist,16/05/2024,Granted,"A copy of all correspondence between The Department [principal officer grade or higher]/The Minister and Professor Niamh Brennan regarding completion of the RTÉ external review - dated between January 1st, 2024 and April 17th, 2024. A copy of all correspondence between The Department [principal officer grade or higher]/The Minister and Dr Margaret Cullen regarding completion of the RTÉ external review - dated between January 1st, 2024 and April 17th, 2024."
TCAGSM-FOI-2024-0096,19/04/2024,Other,20/05/2024,Part-Granted,All correspondence between the Department and Irish Motorsport Federation Limited (trading as Motorsport Ireland) from 2022 to present; All correspondence between the Department and WRC Rally Ireland Limited from 2022 to present; Any funding proposals/request submitted in relation to Rally Ireland or regarding Ireland hosting a round of the World Rally Championship; All correspondence received by the Department since 2022 in relation to Rally Ireland or regarding Ireland hosting a round of the World Rally Championship
TCAGSM-FOI-2024-0098,29/04/2024,Other,28/05/2024,Granted,"A copy of any briefings, submissions, progress reports, or other such documents prepared for the Sec Gen or the minister with regard to the basic income for artists scheme. This request to cover the period 1 July 2023 to date."
TCAGSM-FOI-2024-0099,07/05/2024,Other,05/06/2024,Refused,"I am seeking any records between February 2023 and April 20th, 2024 in relation to GAAGO between Minister for Tourism, Culture, Arts, Gaeltacht, Sport and MediaCatherine Martin and RTE."
TCAGSM-FOI-2024-0100,01/05/2024,Other,30/05/2024,Part-Granted,"A list of esubmissions submitted to the Minister for Tourism, Culture, Arts, Gaeltacht, Sport and media through the e-submissions channel. I wish for my request to cover the period from 01-04-2024 - 30-04-2024."
TCAGSM-FOI-2024-0101,01/05/2024,Other,30/05/2024,Refused,Any correspondence since January 1st 2024 between the Minister or the Department (at PO level or above) and the executive management or board of An Post on the matter of An Post's work as television licence fee collector and TV licence enforcement; Any preparatory notes or reports for the Minister in that period on the same topic or minutes of any meetings with An Post.
TCAGSM-FOI-2024-0102,02/05/2024,Journalist,31/05/2024,Part-Granted,Any correspondence between the GPA and the Department / Minister Byrne during 2023 or 2024 / or memos of any meetings in 2023 / 2024 in relation to the administration of the Government grant paid to female inter-county players.
TCAGSM-FOI-2024-0103,02/05/2024,Journalist,31/05/2024,Refused,Minutes or notes of any meetings between Department officials / Ministers and the IRFU during 2023 and 2024 in relation to the review of the free to air broadcast list and the potential inclusion of specific rugby events. Please include any records related to the meeting listed in the following lobbying return: https://www.lobbying.ie/return/108559/irish-rugby-football-union
TCAGSM-FOI-2024-0106,09/05/2024,Journalist,07/06/2024,Refused,I am looking for all correspondence to and from the ministers for sport Catherine Martin and Thomas Byrne in relation to the lack of green spaces for children in Dublin 8 between November 2023 until present.
TCAGSM-FOI-2024-0107,29/04/2024,Other,28/05/2024,Refused,"Correspondence, formal agreements and MOUs relating to specified hospital archives; Statistics relating to specified hospital archives and access requests received by NAI from RCSI. All content listings or finding aids for specified hospitals. Statistics relating to Wellcome Foundation and the funding expended on specified hospitals. Statistics relating to storage conditions and space taken up by specified hospital records."
TCAGSM-FOI-2024-0108,10/05/2024,Oireachtas/Public Representatives,10/06/2024,Part-Granted,"All correspondence between the DG of RTÉ and the Minister regarding exit packages for Rory Coveney and/or Richard Collins of RTÉ between 30/09/23 and 26/02/24; All correspondence between the Director General of RTÉ and the Minister regarding exit packages within RTÉ between 30/09/23 and 26/02/24; All correspondence between officials within the Department at the level of PO and above, and the Minister regarding exit packages within RTÉ between 30/09/23 and 26/02/24, through private messaging services in the conduct of official government business, in accordance with Circular Number 09/19, entitled Policy on the Use of Private Email and Other Messaging Services, and Central Policy Unit Guidance Note 24, issued December 2015, entitled FOI Act implications for any official information held in non-official systems, email accounts and devices; All correspondence between the Chair of RTÉ and the Minister regarding exit packages within RTÉ between 30/09/23 and 26/02/24, through private messaging services in the conduct of official government business, in accordance with Circular Number 09/19,, and Central Policy Unit Guidance Note 24. All correspondence between the DG of RTÉ and the Minister regarding exit packages within RTÉ between 30/09/23 and 26/02/24, through private messaging services in the conduct of official government business, in accordance with Circular Number 09/19, and Central Policy Unit Guidance Note 24."
TCAGSM-FOI-2024-0110,15/05/2024,Other,13/06/2024,Refused,"Copies, covering the period May 1st 2017 to February 12th 2019,of any correspondence (emails, letters, notes of phone conversations or meetings) between the Department of Sport and or any ministers at the Department, with representatives (including Sean Rice) of soccer player Declan Rice relating to his eligibility to play for the Republic of Ireland soccer team and/or the England soccer team."
TCAGSM-FOI-2024-0111,20/05/2024,Journalist,18/06/2024,Part-Granted,"1. Correspondence between the Department and the European Commission on the Registration Of Short-Term Tourist Letting Bill, between 1st February and 17th May 2024. 2. Internal correspondence at PO level or above in relation to engagement with the commission and the issues raised, on the Registration Of Short-Term Tourist Letting Bill, between 1st February and 17th May 2024."
TCAGSM-FOI-2024-0112,29/04/2024,Other,28/05/2024,Refused,"Any correspondence between the management of the National Archives and staff organisations, representative bodies, or unions with regard to the presence of asbestos at the archival building on Bishop Street."
TCAGSM-FOI-2024-0113,22/05/2024,Journalist,20/06/2024,Refused,"Records of correspondence, letters, emails, text messages, reports and memos, meetings, meeting minutes, and the like between the Minister's office/Minister of State's Office and the Olympic Federation of Ireland about the television coverage of the Olympic Games in Ireland and Northern Ireland,dated between December 1, 2023, and the date of this request."
TCAGSM-FOI-2024-0114,22/05/2024,Journalist,20/06/2024,Granted,"Access to the following records which are non-personal and which I believe are held by the Department of Tourism and Sport, dated between December 1, 2023, and the date of this request: Records of correspondence, letters, emails, text messages, reports and memos, meetings, meeting minutes, and the like between the Minister's office/Minister of State's office and the Car Rental Council of Ireland regarding the future use of motor tax, insurance and NCT discs. Records of correspondence, letters, emails, text messages, reports and memos, meetings, meeting minutes, and the like between the Minister's office/Minister of State's office and the Car Rental Council of Ireland regarding the impact of VAT on tourism and hospitality."
TCAGSM-FOI-2024-0115,23/05/2024,Journalist,21/06/2024,Part-Granted,Access to correspondence between Bauer Media and Minister Martin during 2023 and 2024 in relation to media mergers.
TCAGSM-FOI-2024-0116,23/05/2024,Journalist,21/06/2024,Refused,Access to correspondence between Minister Martin and David McRedmond of An Post in relation to the TV licence during 2023 and 2024.
TCAGSM-FOI-2024-0117,23/05/2024,Journalist,21/06/2024,Granted,Access to any correspondence between Diageo and Minister Martin during 2023 and 2024 in relation to the Rupert Guinness Theatre in Dublin.
TCAGSM-FOI-2024-0118,24/05/2024,Journalist,24/06/2024,Part-Granted,Access to correspondence between Peter Sherrard of the Olympic Federation of Ireland and Cian Ó Lionáin during 2024 in relation to geo blocking of coverage of Olympic Games in Northern Ireland.
TCAGSM-FOI-2024-0119,27/05/2024,Journalist,25/06/2024,Refused,Minutes of the last meeting held between Matchroom Boxing and the Department of Sport regarding a potential Katie Taylor fight in Croke Park.
TCAGSM-FOI-2024-0120,27/05/2024,Other,25/06/2024,Part-Granted,All information held in relation to capital sports grant to Mountmellick Gaa club from 2022 to today's date. The application for funding and the completion record of all works carried out. All information held in relation to Mountmellick Gaa club from 2022 to today's date.
TCAGSM-FOI-2024-0121,28/05/2024,Other,26/06/2024,Refused,A copy of the cost analysis review submitted to the department (by Fáilte Ireland) with regard to the hosting of the Ryder Cup in Adare in 2027.
TCAGSM-FOI-2024-0122,04/06/2024,Other,02/07/2024,Part-Granted,"A list of esubmissions submitted to the Minister for Tourism, Culture, Arts, Gaeltacht, Sport and media through the e-submissions channel.I wish for my request to cover the period from 01-05-2024 - 31-05-2024."
TCAGSM-FOI-2024-0124,11/06/2024,Other,09/07/2024,Refused,Any reference made to Tullamore Squash club by Tullamore GAA and Tullamore women's GAA in the 2020 and most recent application for sports capital and equipment grants.
TCAGSM-FOI-2024-0125,14/06/2024,Journalist,12/07/2024,Part-Granted,Access to any minutes / correspondence relating to the meeting between Minister Byrne and Tony Keohane of the FAI during 2024. Access to any minutes / correspondence relating to the meeting between Tony Keohane and Feargal Ó Coigligh in 2024.
TCAGSM-FOI-2024-0126,14/06/2024,Other,12/07/2024,Refused,"Documentation relating to grants (amounts and dates and reason for the grant aid) paid out by any branch of your Department in respectof Donegal Boardwalk (or other alias) at Aghadachor, Carrigart, Co Donegal.which has changed name a few times as well as owners."
TCAGSM-FOI-2024-0128,19/06/2024,Journalist,17/07/2024,Part-Granted,"Any reports, guidance, briefing notes or findings issued since January 1st, 2023, to the Minister for Media or her Department (at PO level or above) on: the bogus self-employment issue at RTÉ; the conclusions and scope of the Eversheds Sutherland report of 2018 to RTÉ on the bogus self-employment in RTÉ; any actual or estimated RTÉ financial liabilities arising from same; any deficits in RTÉ employer PRSI contributions arising from same; any deficits in RTÉ employee PRSI contributions arising from same; any proposals for RTÉ to remedy or regularise the situation. Any correspondence in that period on the same topics between the Minister for Media or her Department (at PO level or above) and the chair or board of RTÉ; minutes of any meetings between them on the same topic; and any associated reports. Any correspondence in that period on the same topics between the Minister for Media or her Department (at PO level or above) or the Minister for Social Protectino or her Department (at PO level or above); minutes of any meetings between them on the same topic; and any associated reports."
TCAGSM-FOI-2024-0129,21/06/2024,Journalist,18/07/2024,Part-Granted,"All correspondence to and from the Minister for Sport Catherine Martin as well to and from her junior minister Thomas Byrne, including attachments, relating to Ireland jointly hosting Euro 2028 as well as the redevelopment of Casement Parkfrom January 1st, 2024 until present."
TCAGSM-FOI-2024-0130,28/06/2024,Journalist,26/07/2024,Part-Granted,"The first 15 correspondence received by the Minister for Media and Tourism from the public, about exit/redundancy payments/settlements at RTE and/or the resignation of the former Chair of RTE Siún Ní Raghallaigh from 1 February 2024 to 21 June 2024."
TCAGSM-FOI-2024-0131,26/06/2024,Journalist,24/07/2024,Part-Granted,To cover the period 1 April 2024-present: A copy of any records received from RTE that outline or list the additional financial details have been provided to the Minister and/or departmental representatives on costings as part of the A New Direction strategy process - as outlined on page 7 of the strategy document. A copy of any records sent back to RTE about these costings following receipt of the details above from RTE
TCAGSM-FOI-2024-0132,28/06/2024,Journalist,26/07/2024,Granted,"All correspondence received by the Minister for Media and Tourism from members of the Oireachtas, and/or members of the Cabinet about exit/redundancy payments/settlements at RTE and/or the resignation of the former Chair of RTE Siún Ní Raghallaigh between 1 February 2024 to 21 June 2024."
TCAGSM-FOI-2024-0134,27/06/2024,Journalist,25/07/2024,Refused,The funding provided by the department to Irish media outlets and newspapers from 2020 yearly through to the present day. A breakdown of the amounts provided and to which media and newspaper outlet it went. The schemes each of these amounts fell under.
