Request Assignment ID,Date Received,Category,Decision Date,Decision Made,Request
FOI-0188-2025,01/07/2025,Journalist,09/07/2025,Granted,List of ministerial e-submissions for June 2025
FOI-0189-2025,03/07/2025,Individual,05/08/2025,Part-Grant,Correspondence with National Womens Council of Ireland
FOI-0190-2025,02/07/2025,Journalist,28/08/2025,Part-Grant,List of ministerial e-submissions since Jan 2025
FOI-0191-2025,07/07/2025,Individual,04/09/2025,Part-Grant,Records relating to a particular Change Request or Business Requirement. Related to FOI-0145-2025
FOI-0193-2025,09/07/2025,Individual,13/08/2025,Granted,Records relating to the Office of the Special Advocate for Survivors of Institutional Abuse
FOI-0194-2025,09/07/2025,Individual,12/08/2025,Granted,Records relating to the Office of the Special Advocate for Survivors of Institutional Abuse
FOI-0195-2025,09/07/2025,Individual,06/08/2025,Granted,All materials sent by DCDE to the DHLGH regarding the Sean Ross Abbey ground survey
FOI-0196-2025,09/07/2025,Journalist,28/08/2025,Refused,Correspondence between the Minister and any European commissioner
FOI-0198-2025,10/07/2025,Individual,07/08/2025,Refused,Records relating to effects on early years services in the vicinity of Citywest IPAS centre
FOI-0199-2025,14/07/2025,Individual,12/08/2025,Granted,Records relating to data protection courses completed by employees since 2022
FOI-0200-2025,17/07/2025,Individual,15/08/2025,Refused,Records relating to a property & Tusla
FOI-0201-2025,19/07/2025,Oireachtas/Public Representative,03/10/2025,Refused,Records relating to Children’s Disability Services Grant Fund
FOI-0202-2025,07/08/2025,Journalist,18/09/2025,Part-Grant,Records regarding St John's Ambulance
FOI-0203-2025,23/07/2025,Journalist,17/10/2025,Refused,Correspondence between Minister & Primate of All Ireland re redress scheme
FOI-0205-2025,22/07/2025,Journalist,25/08/2025,Part-Grant,Briefing materials prepared for Minister of State Michael Healy Rae for a Seanad commencement debate on March 25 2025
FOI-0206-2025,28/07/2025,Individual,03/10/2025,Part-Grant,Minutes of DCEDIY Management Board meetings held in 2023 and 2024
FOI-0207-2025,30/07/2025,Individual,17/11/2025,Refused,Records relating to fee increases in childcare providers and service income and expenditure report required for core funding
FOI-0208-2025,30/07/2025,Oireachtas/Public Representative,30/09/2025,Part-Grant,Records relating to Children’s Disability Services Grant Fund
FOI-0209-2025,04/08/2025,Individual,12/11/2025,Part-Grant,Records relating to Children’s Disability Services Grant Fund
FOI-0210-2025,01/08/2025,Journalsit,29/08/2025,Part-Grant,List of ministerial e-submissions for July 2025
FOI-0212-2025,05/08/2025,Journalist,09/10/2025,Refused,Various ministerial e-submissions
FOI-0213-2025,05/08/2025,Journalist,29/08/2025,Refused,Records relating to 'childcare action plan'
FOI-0214-2025,07/08/2025,Individual,28/10/2025,Refused,Records relating to Children’s Disability Services Grant Fund
FOI-0216-2025,09/08/2025,Journalist,10/09/2025,Refused,Records relating to Assessments Of Needs
FOI-0217-2025,13/08/2025,Journalist,03/10/2025,Refused,Records relating to Children’s Disability Services Grant Fund
FOI-0218-2025,12/08/2025,Business/Interest Group,07/01/2026,Part-Grant,Records relating to disinformation strategy within DCDE and attendance at disinformation strategy working group
FOI-0219-2025,14/08/2025,Individual,11/09/2025,Part-Grant,Correspondence between DCDE and Legion of Mary
FOI-0220-2025,20/08/2025,Journalist,23/10/2025,Part-Grant,"Risk register, internal audits & minutes of Risk and Audit meetings"
FOI-0221-2025,20/08/2025,Government Official,18/09/2025,Part-Grant,Early Learning and Childcare Planning Matters Working Group minutes & related docs
FOI-0222-2025,21/08/2025,Journalist,19/09/2025,Refused,Records relating to monthly childcare scheme
FOI-0223-2025,23/08/2025,Journalist,22/09/2025,Part-Grant,Records relating to Good People Ltd
FOI-0227-2025,28/08/2025,Business/Interest Group,n/a,Handled outside FOI,Contracts and tenders re provision of media monitoring services
FOI-0228-2025,29/08/2025,Journalist,18/11/2025,Refused,Records relating to issues with pay for special care workers
FOI-0229-2025,29/08/2025,Journalist,09/10/2025,Part-Grant,Records relating to Female Genital Mutilation (FGM) education,advocacy and support
FOI-0230-2025,10/09/2025,Business/Interest Group,09/10/2025,Part-Grant,References to gender identity in equality acts
FOI-0231-2025,01/09/2025,Journalist,07/10/2025,Granted,List of eSubmissions
FOI-0232-2025,03/09/2025,Journalist,03/10/2025,Part-Grant,Complaints from Oberstown residents
FOI-0233-2025,04/09/2025,Journalist,25/11/2025,Refused,Correspondence with Marjorie Farrelly SC
FOI-0235-2025,03/09/2025,Journalist,n/a,Handled outside FOI,Introductory letters sent by Roderic O'Gorman's office to the eight religious orders [Follow on request from FOI-0155-2025]
FOI-0236-2025,04/09/2025,Journalist,03/10/2025,Refused,Consultant engineer report referred to in Mother and Baby Homes Commission of Investigation's Fifth Interim Report
FOI-0237-2025,09/09/2025,Journalist,19/11/2025,Refused,Correspondence between DCDE & DPER surrounding Tusla staffing issues
FOI-0239-2025,11/09/2025,Journalist,09/10/2025,Refused,Correspondence between DCDE Minister & National Centre for Remembrance steering group member since 2020
FOI-0240-2025,15/09/2025,Journalist,13/10/2025,Refused,Records in the department's possession that pertain to Minister Heather Humphreys meeting with Senator Tom Clonan.
FOI-0245-2025,30/09/2025,Individual,29/10/2025,Refused,Records relating to a TCO/CO competition in 2023/2024
