REFERENCE NUMBER,REQUEST DATE,REQUESTER CATEGORY,SUMMARY OF REQUEST,DECISION DATE,DECISION
0005/2019,03/01/2019,Journalist,"The Department’s Records Management Policy. Any guidelines, procedures or manuals compiled as part of the Department’s Records Management programme, including File Plans and Records Retention/Disposal Schedules. The minutes of meetings held during 2018 by any records management committee, steering group or similar body operating within the Department.",31/01/2019,Part-Granted
0007/2019,10/01/2019,Other,All records pertaining Irish Defence Forces order of RBS 70 BOLIDE missiles from Saab Group.,07/02/2019,Part-Granted
0008/2019,11/01/2019,Oireachtas,Any documents held by the department on the Minister of State’s meeting with Brian Hayes MEP on January 25th 2018.,08/02/2019,Refused
0009/2019,18/01/2019,Oireachtas,1. Any documents relating to the establishment of EU Battlegroups in 2007. 2. Any documents relating to the decision for Ireland to participate in EU Battlegroups in 2008. 3. Any documents relating to the planned participation in a German-led Battlegroup in 2020. 4. The cost of participation in EU Battlegroups from 2016 and 2017.,15/02/2019,Refused
0010/2019,18/01/2019,Oireachtas,Any correspondence with the European Defence (EDA) from 2015 onwards relating to 1. The EU Training Mission in Mali 2. Ireland's bid for a seat on UN Security Council.,15/02/2019,Part-Granted
0011/2019,18/01/2019,Oireachtas,"All documents held by the department concerning Finabel - The European Army Interoperability Centre, including correspondence between this Department and the Defence Forces.",20/05/2019,Refused
0012/2019,28/01/2019,Oireachtas,"Copies of briefing materials prepared by the department in advance of the meeting of the political directors of the ministries of defence in to Bucharest, Romania (17 and 18 January 2019). A list of the people who travelled on the trip and the itinerary for their visit. All internal correspondence between the delegation to Bucharest and others at the Department of Defence during their visit.",20/05/2019,Part-Granted
0013/2019,28/01/2019,Oireachtas,Any or all correspondence between the Department of Defence and the European Organisation of Military Associations (EUROMIL) from January 2014 to January 2019.,20/05/2019,Refused
0014/2019,28/01/2019,Oireachtas,All or any correspondence with the North Atlantic Treaty Organization (NATO) regarding the Partnership for Peace (PfP) from 2015 to 2019,20/05/2019,Refused
0015/2019,28/01/2019,Oireachtas,"All documents held by the department including correspondence relating to the following PESCO projects: European Union training Mission Competence Centre (EU TMCC), Deployable Military Disaster relief Capability Package, Maritime (semi) autonomous Systems for Mine Countermeasures (MAS MCM), Upgrade of Maritime Surveillance, Counter Unmanned Aerial System (C-UAS), Military Mobility, Energy Operational Function (EOF), European Secure software defined Radio (ESSOR), Cyber Threats and Incident Response Information Sharing Platform, and EU Radio navigation Solution (EURAS)",20/05/2019,Refused
0016/2019,23/01/2019,Other,"In respect of the proposed strike by pilots of CHC that service the Irish SAR (Search and Rescue) contract, do the Department of Defence have contingency plans to cover SAR in Ireland if this strike goes ahead.",19/02/2019,Refused
0017/2019,29/01/2019,Journalist,"1. All internal emails (sent and received, including the full email chain, and any attachments)in the department related to the Irish Red Cross between 20th January and 30th January 2018. 2. All correspondence between the Irish Red Cross and the Department, or Minister Paul Kehoe between 20th January and 30th January 2018.",25/02/2019,Granted
0018/2019,29/01/2019,Journalist,"All electronic correspondence including email, texts, WhatsApp messages and any other form of electronic communications between Ministers in the department and the secretary general of the Department between the period 01 December 2018 and the present day.",25/02/2019,Refused
0019/2019,04/02/2019,Journalist,"All correspondence sent to, and received from, the Land Development Agency. 1 August 2018 to present, 31 January 2019.",01/03/2019,Part-Granted
0021/2019,05/02/2019,Journalist,Copies of any records held relating to the absence of a psychiatrist in the Defence Forces and difficulties in recruiting one. This request to cover the period 1 September 2018 to date of receipt of this.,01/03/2019,Granted
0022/2019,05/02/2019,Journalist,Copies of all invoices/receipts associated with a trip by Minister Paul Kehoe to Vancouver in November 2017. I am seeking actual copies of receipts & invoices for the minister and those who accompanied him. - an itinerary for the trip. - copies of any records held relating or referring to the high cost of air travel for Minister Kehoe's trip to Vancouver.,15/03/2019,Part-Granted
0023/2019,18/02/2019,Journalist,"A database/spreadsheet/list containing the following data: • The number of employees of the department sacked in 2016, 2017, 2018. • The reason for the dismissal of each of the above employees. • The number of employees of the department suspended in 2016, 2017, 2018. • The reason for the suspension of each of the above employee • The number of complaints of bullying received by the department in 2016, 2017, 2018. • The number of complaints of sexual harassment received by the department in 2016, 2017, 2018.",15/03/2019,Part-Granted
0024/2019,15/03/2019,Journalist,"The budget allocation to the Army Equitation School in the years 2016, 2017, 2018 and 2019. The number of horses that were purchased for the Army Equitation School in the years 2016, 2017, 2018 and 2019.",15/03/2019,Granted
0025/2019,25/02/2019,Oireachtas,"The minutes of all meetings of the Medical Advisory Group, which was established arising from a recommendation of the Working Group on Malaria Chemoprophylaxis to formalise the provision of on-going expert medical advice, including external expert medical advice to the Defence Forces in relation to a range of medical matters including chemoprophylaxis.",25/03/2019,Refused
0026/2019,25/02/2019,Journalist,A list of all submissions made to the Minister or Ministers of State at your Department using the e-submissions system (or whatever relevant/similar system is in place at your Department) in the period 1 December 2018 to the date of receipt of this request. This request is to include the date of the submission and its title.,25/03/2019,Part-Granted
0027/2019,01/03/2019,Journalist,"Any correspondence between the Minister of State Kehoe, Chief of Staff in the Defence Forces and either PDFORRA or RACO regarding issues relating to recruitment into Permanent Defence Forces in the years 2017, 2018 and to-date in 2019.",29/03/2019,Refused
0030/2019,01/03/2019,Other,"What are the statistics of homeless ex-service army personnel registered for social housing in 2005, 2010, 2018 and 2019 in Dublin? How many of these homeless ex-service army personnel are women who have registered for social housing in 2005, 2010, 2018 and 2019 in Dublin? How many ex-service men/women have been allocated social housing in 2005, 2010, 2018 and 2019 in Dublin? How many units of social housing were allocated in that range of years in Dublin? How many ex-service women who registered for social housing were the victims of domestic violence in 2005, 2010, 2018 and 2019 in Dublin? How many ex-service personnel have defaulted on their mortgages and registered for social housing?",01/04/2019,Refused
0031/2019,03/03/2019,Other,A detailed breakdown of all costs and amounts relating to Taoiseach Leo Varadkar´s week-long visit to Mali and Ethiopia.,01/04/2019,Part-Granted
0032/2019,03/03/2019,Journalist,"A copy of all records - including but not limited to e-mails, texts and what's app messages - in relation to the consideration of issuing a press release and of its contents about the detention of two Northern Ireland-based fishing vessels in the Irish Sea on February 26. The request should included any communications with the Irish Naval Service/Defence Forces on the issue.",01/04/2019,Granted
0033/2019,05/03/2019,Other,"An itemised breakdown of any costs associated with preparations for a hard Brexit currently underway, or planned, by your department, under the Freedom of Information Act 2014. This may include recruiting and training extra staff, purchasing equipment such as protective clothing or vehicles and practicing responses to anticipated events. This request is to cover the period from 1 January till 2018 until present. If you are unable to provide an exact cost of any expense for any reason then please use an estimate, or state the item with 'Cost Not Available'.",05/03/2019,Refused
0034/2019,06/03/2019,Journalist,All correspondence between the defence forces and Minister Paul Keogh - and/or those acting on his behalf - pertaining to cadetships due to be awarded to individuals living in the Minister’s constituency since he was appointed as Minister. •Copies of any requests by or on behalf of any Government Ministers for lists of impending cadetships to be awarded since the formation of the current Government.,03/04/2019,Refused
0037/2019,19/03/2019,Journalist,"A spreadsheet or table of costs associated with the visit of Prince Charles and his wife Camilla to Haulbowline and the Marine College in Ringaskiddy. This spreadsheet/table should include all costs associated with hosting the visit, broken down according to category of expenditure. I would prefer to receive this information electronically, ideally in its original electronic format.",15/04/2019,Refused
0039/2019,20/03/2019,Oireachtas,"The minutes of all meetings of the Medical Advisory Group, which was established to implement the recommendations of the Working Group on Malaria Chemoprophylaxis.",17/04/2019,Refused
0040/2019,25/03/2019,Other,Numbers and Grade of Civil Servants employed by the Department of Defence for the years 1994 to 2018.,19/04/2019,Granted
0042/2019,22/03/2019,Journalist,Internal all-staff communications/emails on Data Protection awareness in the last 12 months. Internal Data Protection awareness campaign strategy/planning documents if available (from 2017 to current). Internal Data Protection awareness posters used within Department offices (in original format).,18/04/2019,Granted
0044/2019,27/03/2019,Journalist,Copies of the following submissions made to Minister Kehoe (FOI 0026 2019 refers): 0315/19 - recommendations regarding recruitment and retention.,03/05/2019 (extended from 25/04/2019),Part-Granted
0045/2019,28/03/2019,Journalist,Copies of the following submissions made to Minister Kehoe (FOI 0026 2019 refers): 037/19 - Jadotville medal (proposed replies),03/05/2019 (extended from 25/04/2019),Refused
0046/2019,28/03/2019,Journalist,Copies of the following submissions made to Minister Kehoe (FOI 0026 2019 refers): 048/19 - DR to Letter from COS re: IMG,03/05/2019 (extended from 25/04/2019),Granted
0048/2019,28/03/2019,Oireachtas,1. All documents related to the decision taken in 2013 to send Irish Defence Forces members to contribute to the European Union Training Mission in Mali. 2. Any documents related to the subsequent decisions to extend the Irish Defence Forces mission in Mali.,25/04/2019,Refused
0049/2019,02/04/2019,Journalist,"Any correspondence from the Minister or Junior Minister at the Department to the Football Association of Ireland requesting tickets to any games involving men’s, women’s and underage Republic of Ireland soccer teams, or any UEFA or World Cup games since 2016.",30/04/2019,Part-Granted
0050/2019,02/04/2019,Other,The numbers of civil servants by grade who worked in the DOD from 1998 to 2018. A breakdown of the numbers of civil servants and their grade by section from 2008 to 2018.,30/04/2019,Granted
0051/2019,15/04/2019,Oireachtas,A copy of the minutes of all of the Department of Defence High Level Procurement Planning Group (HLPPG) meetings over the period 1st January 2014 to 31st March 2019.,14/05/2019,Part-Granted
0052/2019,15/04/2019,Oireachtas,Has the Department of Defence received any request from any Senior Commissioned Officers above the rank of Colonel due to retire for an extension of service beyond retirement age for any period? Should any Senior Commissioned Officer apply for an extension of service beyond retirement age under what circumstances would such a request be granted?,15/05/2019,Granted
0054/2019,16/04/2019,Oireachtas,"Minutes of all discussions of specifically planning, training and education / information sharing (items indicated by the Minister for Defence in response to a PQ on 26th February 2019 as being within the remit of the Implementation Group) during meetings of the Implementation Group established to implement the recommendations of the Working Group on Malaria Chemoprophylaxis.",16/05/2019,Refused
0055/2019,17/04/2019,Journalist,All correspondence between Vice Admiral Mark Mellet and Minister for Defence Paul Kehoe between 1st December 2018 and 17th April 2019. All correspondence between Vice Admiral Mark Mellet and Secretary General of the Department of Defence between 1st Mark 2019 to 17th April 2019.,17/05/2019,Part-Granted
0056/2019,21/04/2019,Journalist,Copies of all correspondence,documents and minutes of meetings related to so-called IS bride Lisa Smith between the period 1st Mark 2019 and 21st May 2019.,23/05/2019,Part-Granted
0057/2019,29/04/2019,Journalist,"This request for information is limited to the past three years, from 29th April 2019. Any and all details, including notes, memos, and reports, correspondence and documentation, letters and emails, concerning the identification of sites suitable for a barracks-type facility in Co Cavan. Any and all details, including notes, memos, and reports, correspondence and documentation, letters and emails, concerning the discussions regarding the former Dun Ui Neill barracks in Cavan Town. Any and all details, including notes, memos, and reports, correspondence and documentation, letters and emails, concerning the identification of sites suitable for a new barracks-type facility in the Border region. Any and all details, including notes, memos, and reports, correspondence and documentation, letters and emails, concerning persons hired on a consultative basis to assist in identifying crossing points along the border region. Any and all details, including notes, memos, and reports, correspondence and documentation, letters and emails, concerning attempts to source or identify a greenfield site capable of housing a new barracks-type facility in the Border region.",28/05/2019,Refused
0058/2019,29/04/2019,Journalist,"Copies of any value for money reports, or other such reviews or audits on recruitment campaigns designed to attract more women into the Defence Forces. Copies of any reports, submissions, memos, reviews, or any other such review or explanatory documents referring or relating to difficulties in the recruitment and retention of women in the Defence Forces. Both parts of this request to cover the period 1 January 2017 to date of receipt.",29/05/2019,Refused
0059/2019,30/04/2019,Journalist,Copies of all records from the period from 1 January 2018 to the date of receipt of this request that relate to the incidence of suicide among current or former members of the Defence Forces.,29/05/2019,Refused
0061/2019,08/05/2019,Other,How many Irish and international minesweepers have been active in Irish territorial waters in the period from 2017 to 2019. A minesweeper is a small naval warship designed to engage in minesweeping.,05/06/2019,Refused
0062/2019,08/05/2019,Journalist,The number of complaints of sexual harassment received by the department in the last 12 months. The number of complaints of bullying received by the department in the last 12 months.,05/06/2019,Granted
0064/2019,10/05/2019,Other,Request for the following document from the Civil Defence Branch; Towards 2030 Draft Policy Document for Civil Defence.,10/06/2019,Granted
0065/2019,17/05/2019,Journalist,"All records that relate to the following entry on the Lobbying Register, which refers to an email and possible meeting between representatives of the Irish Amusement Trades Association and Minister of State Paul Kehoe: https://www.lobbying.ie/return/46641/irish-amusement-trades-association. The records I am seeking may include, but not be limited to, all correspondence (including any attachments), reports, briefings, memos, minutes or presentations.",14/06/2019,Refused
0067/2019,20/05/2019,Other,The total amount of weapons and army/security equipment deemed to no longer be of use sold by the Government since 2016. This should include a year by year breakdown. Also a full breakdown for each year of what these weapons and security equipment were. Thirdly a full breakdown for each year of who these weapons and security equipment were sold to. Finally the total amount of money brought it by these sales.,17/06/2019,Granted
0068/2019,20/05/2019,Journalist,"All correspondence both sent and received between Minister Paul Kehoe and the Irish Red Cross, from 1st February to 20th May 2019. All briefings prepared for Minister Paul Kehoe on the Irish Red Cross, from 1st February to 20th May 2019.",17/06/2019,Refused
0069/2019,27/05/2019,Journalist,"Copies of all statements/invoices eg. flights, hotel accommodation etc. relating to the visit to the US by Minister Kehoe from 1st July to 4th July 2018. Copies of all statements/invoices eg. flights, hotel accommodation etc. of any DOD official that travelled with Minister Kehoe to the US in the period of 1-4 July 2018.",25/06/2019,Part-Granted
0071/2019,23/05/2019,Other,The name of the winning company / person of the tender. The breakdown of the scoring sheet used for the selection process. The total price of the winning tender. Please state the price ex vat.,21/06/2019,Granted
0073/2019,30/05/2019,Journalist,"Any correspondence between the Minister's office and officials from the Defence Forces, PDFORRA, and the Department of Public Expenditure and reform regarding recruitment and pay in the Defence Forces, between 1 January 2018 and the present date.",28/06/2019,Part-Granted
0074/2019,30/05/2019,Journalist,Any memos prepared for the Minister regarding the same (i.e. pay issues in the Defence Forces) between 1 January 2018 and the present date.,28/06/2019,Refused
0075/2019,30/05/2019,Journalist,Any memos prepared for the Minister regarding the same (i.e. recruitment issues in the Defence Forces) between 1 January 2018 and the present date.,28/06/2019,Part-Granted
0079/2019,07/06/2019,Other,"Confirmation of any contact between the Department of Defence, Army, or anybody under the the Department of Defence, and the NSO group, an Israeli surveillance technology company headquartered in Herzliya, Israel. Copies of any contracts signed between the Department of Defence, Army, or anybody under the Department of Defence, and the NSO group. Copies of any emails exchanged between the Department of Defence, Army, or anybody under the Department of Defence, and the NSO group. Details of any meetings between the Department of Defence, Army, or anybody under the Department of Defence, and the NSO group.",05/07/2019,Refused
0080/2019,19/06/2019,Other,All payments (or fees charged) made directly to the National Shared Service Office for financial years ending 31st December 2015,31st December 2016,31st December 2017 and 31st December 2018 in respect of services provided to your department for the processing of Annual Leave/ Pensions/ Work-sharing arrangements for staff employed by your department.,17/07/2019,Granted
0081/2019,17/06/2019,Other,"A list of all reports, studies or consultations commissioned by the department from external consultants or other professionals from the start of 2018 until the present Title and description of each report, name of consultant/consultancy, dates they were started and completed and whether they were published/made public or not. Costs of each.",15/07/2019,Granted
0082/2019,19/06/2019,Other,"Details of staff at the following grades (Assistant Secretary, PO/POs 1, AP/Aps 1, HEOs, EO/SOs and Cos) for your HR Division in the Department at 31st December 2014, 31st December 2015, 31st December 2016, 31st December 2017 and 31st December 2018.",17/07/2019,Granted
0083/2019,21/06/2019,Representative Body,"All emails, notes, letters or other correspondence and all associated enclosures or attachments sent to and from the Office of the Secretary and / or Assistant Secretary (Defence Capability (People)), Department of Defence from May 2017 to date concerning generally the subject matter of terms and conditions of pilots in the Air Corps and specifically the matter of any service incentive scheme or financial bonus payments. Also, any records sent to or from that same office/s concerning the work of the Public Service Pay Commission in respect of the terms and conditions of pilots in the Air Corps.",19/07/2019,Part-Granted
0087/2019,04/07/2019,Journalist,List of submissions made to the Minister through the e-submissions system in the period 1/4/19 to 2/7/19,01/08/2019,Part-Granted
0088/2019,03/07/2019,Journalist,"1. The total number of staff number working at the department, broken down by building. 2. The total number car parking spaces and their type (over ground carpark, under ground car park, street parking etc) 3. Any costs in terms of upkeep of parking spaces (cleaning, staffing etc)",06/08/2019,Granted
0089/2019,06/07/2019,Other,Copy of submission made by the IWEA to the Department of Defence with respect to wind farm planning. See detail here; https://www.lobbying.ie/return/48255/irish-wind-energy-association,06/08/2019,Granted
0090/2019,09/07/2019,Journalist,Copies of reports/correspondence/memos relating to any plans to retire/replace the Air Corps Learjet 45. The time period for any relevant records can be limited to January 1,2019 to July 8,2019.,06/08/2019,Refused
0092/2019,10/07/2019,Other,"Details of the following grades (PO,AP,HEO,EO/SO and CO) serving in Salaries Section (Newbridge) at 31st December 2015, 31st December 2016, 31st December 2017 and 31st December 2018)",08/08/2019,Refused
0093/2019,10/07/2019,Journalist,"(a) All correspondence between the Department of Defence and the Defence Forces since January 1st, 2019 regarding plans or proposals to place naval vessels into reserve and/or plans for the maintenance of naval vessels. (B) Any and all internal Department of Defence documents including reports, memos, briefing notes, emails or other communications generated since June 1st, 2019 on the subject of Naval vessels being withdrawn from active service.",08/08/2019,Part-Granted
0094/2019,10/07/2019,Other,"I'm looking for a copy of your 'Record of Processing Activities'. This is a single document that I understand that you are required to maintain under Article 30 GDPR. Could you supply the current version, and any earlier versions that are on file? If you don't maintain a ROPA, could you supply any records that provide an explanation as to why a ROPA is not required for your body. Could you please supply the information in a searchable format, as per section 17(1)(c) of FOI 2014. If the ROPA is maintained in Excel format, could you please provide it in Excel format? If not, can it be converted or extracted to Excel, or an open format like CSV?",10/07/2019,Part-Granted
0095/2019,15/07/2019,Journalist,Copies of all records held referring or relating to the docking of two naval service vessels. This request to cover the period 14 June 2019 to date of receipt of this request.,13/08/2019,Part-Granted
0098/2019,17/07/2019,Journalist,1. The department’s expenditure on PESCO and PESCO-related projects since Ireland signed up to the initiative in December 2017. 2. Any correspondence to and from Google during the period January 2017 to March 2019 regarding the company’s work on Project Maven. 3. Any DoD memos or minutes of meetings/transcripts regarding Project Maven during the same period.,13/08/2019,Part-Granted
0099/2019,19/07/2019,Journalist,"The total cost of Travel & Subsistence per year further broken down into domestic and foreign travel and subsistence claimed for the years: 2015, 2016, 2017, 2018, and so far in 2019.",16/08/2019,Granted
0100/2019,19/07/2019,Other,Copy of your 'Record of Processing Activities' for the Army Pensions Board,14/08/2019,Refused
0101/2019,30/07/2019,Journalist,"Copy of all department management board meetings, between 1st February and 30th July 2019.",28/08/2019,Granted
0102/2019,31/07/2019,Other,"1. Do you have a 5G strategy? 1.1 If yes, I request to see the complete strategy, its ambitions and its objectives in PPTX, Word, PDF or picture format. 1.2 If yes, has the public had the opportunity to read and understand Department of Communications, Climate Action and Environments 5G strategy? Where was this information published? 1.3 I also request a supplementary document that includes the highest level of detail on all 5G technology that’s planned to be used and current in use in public spaces within Department of Communications, Climate Action and Environment: (a) Companies and entities involved and the names of the company/entity officers. (b) Specification sheets of 5G technology. (c) What technology e.g. units and arrays are not currently 5G, but can be 5G enabled e.g. with current software, future software, hardware upgrades or retrofitting? (d) What Irish, EU and International safety standards is Department of Communications, Climate Action and Environment complying with for the 5G strategy and existing 5G technology. (e) I request proof e.g. a certificate from the Department of Communications, Climate Action and Environment that confirms that UK, EU and International safety standards for workers and the public have been meet. 1.4 If no, I request to know when you will be chairing a 5G strategy? 2. I request the name/s of the Officer/s in charge of the 5G strategy and roll out for 5G and Smart Cities; and who their subject area expert or consultancy is, their CV and qualifications on 5G and Smart Cities. 3. Are you in talks with any experts, companies or entities about autonomous vehicles (AV) for public transport and/or private use on Public Highways? 3.1 If yes, I request to see the complete strategy, its ambitions and its objectives in PPTX, Word, PDF or picture format. 3.2 I also request a supplementary document that includes all levels of detail on: (a) Companies and entities involved and the names of the company/entity officers? (b) Specification sheets of all technology. (c) What type of communication system will the Department of Communications, Climate Action and Environment be utilising to control the vehicles? (d) What Irish, EU and International safety standards does your AV strategy and rollout comply with? (e) I request proof e.g. a certificate from the Department of Communications, Climate Action and Environment that confirms that UK, EU and International safety standards for workers and the public have been meet. 4. Do you have a strategy for smart roads and smart signage on Public Highways and Public spaces? 4.1 If yes, I request to see the complete strategy, its ambitions and its objectives in PPTX, Word, PDF or picture format. 4.2 I also request a supplementary document that includes all levels of detail on: (a) Companies and entities involved and the names of the company/entity officers? (b) Specification sheets of all technology. (c) What technology e.g. units and arrays will not be 5G, but can be 5G enabled e.g. with current software, future software, hardware upgrades or retrofitting etc (you must be specific on anything here)? (d) What Irish, EU and International safety standards does your 5G strategy and rollout comply with? (e) I request proof e.g. a certificate from the Department of Communications, Climate Action and Environment that confirms that UK, EU and International safety standards for workers and the public have been meet. 5. Are you planning to rollout or have rolled out LED street lighting? 5.1 If yes, please answer these questions: (a) What is the CMS and specification of the software and hardware of the LED street light system? (b) What type of waveform is the LED? e.g. Square wave? (c) Can you control the Pulse Width Modulation (PWM) of the streetlight system using the CMS? (d) Can you control the PWM of each streetlight that’s connected to the system? (e) What restrictions do you have in place for the control of the PWM? (f) What is the Irish, EU and International safety limit (low and high) for the amount of ‘flicker’ (Hz) the Human Body and eyes can be exposed to and for how long? (g) I request to see the training manual and safety operation manual for the CMS and the LED streetlight system. (h) Who is the company who is or has installed the CMS LED streetlight system? (i) What company maintains and repairs the CMS and LED streetlight system? (j) What entity and Officer is responsible for the safety standards for the CMS and LED streetlight system? (k) I request proof e.g. a certificate from [Council] that confirms that Irish, EU and International safety standards for workers and the public have been meet. (l) What is the amount of Blue Light leakage that’s safe for the public and workers during the LED streetlights operation? (m) What level of LED streetlight exposure is safe for the public at daytime and night time? (n) Is there a legal requirement for diffusers to be fitted to LED streetlights? (o) How have you have addressed the amount of Oxidative Stress on Human and Animal cells that’s produced from LED? 5.2 If no, then I request a declaration from the Department of Communications, Climate Action and Environment that you will not be installing LED streetlights in the future. If you cannot provide a declaration, I would like the following answered in the future tense: (a) What is the CMS and specification of the software and hardware of the LED street light system? (b) What type of waveform is the LED? e.g. Square wave? (c) Can you control the Pulse Width Modulation (PWM) of the streetlight system using the CMS? (d) Can you control the PWM of each streetlight that’s connected to the system? (e) What restrictions do you have in place for the control of the PWM? (f) What is the Irish, EU and International safety limit (low and high) for the amount of ‘flicker’ (Hz) the Human Body and eyes can be exposed to and for how long? (g) I request to see the training manual and safety operation manual for the CMS and the LED streetlight system. (h) Who is the company who is or has installed the CMS LED streetlight system? (i) What company maintains and repairs the CMS and LED streetlight system? (j) What entity and Officer is responsible for the safety standards for the CMS and LED streetlight system? (k) I request proof e.g. a certificate from [Council] that confirms that UK, EU and International safety standards for workers and the public have been meet. (l) What is the amount of Blue Light leakage that’s safe for the public and workers during the LED streetlights operation? (m) What level of LED streetlight exposure is safe for the public at daytime and night time? (n) Is there a legal requirement for diffusers to be fitted to LED streetlights? (o) How have you have addressed the amount of Oxidative Stress on Human and Animal cells that’s produced from LED? 6. Where do you have 3G and 4G systems in public spaces and public roads?",27/08/2019,Refused
0103/2019,01/08/2019,Journalist,The following documents which were submitted to the Minister through the e-submissions system: 00146-19: Protected Disclosure – Confidential [date: 10/5/2019] 00147-19: Protected Disclosure – 2017/0104 [date:10/5/2019],30/08/2019,Refused
0104/2019,05/08/2019,Journalist,The number of Permanent Employees in your department and the number of holiday allowance they are allocated/entitled too excluding bank holidays for 2018 and 2019? The number of sick days incurred by your department for all Permanent employees for 2017 and 2018?,04/09/2019,Granted
0106/2019,07/08/2019,Journalist,Copies of all records relating or referring to the decision made by the Office of the Commissioner for Environmental Information in case CEI/16/0041 (https://www.ocei.ie/decisions/right-to-know-clg-the-dep-1/). This request to cover the period 1 May 2019 to date of receipt of this request.,03/09/2019,Part-Granted
0107/2019,07/08/2019,Journalist,Copies of any records referring or relating to the possibility that details of presidential travel on the MATS would now be published as a matter of routine by the Department.,03/09/2019,Part-Granted
0108/2019,12/08/2019,Journalist,"A breakdown by year of all monies received by the Department of Defence per year following discharges purchased from the Defence Forces for the following years: 2019 to date, 2018, 2017, 2016, 2015, and 2014.",03/09/2019,Part-Granted
0109/2019,14/08/2019,Journalist,Copies of all paperwork submitted to the Pre-Hospital Emergency Care Council (PHECC) by the Department of Defence in the last 12 months up to and including the Civil Defence PHECC licence application. Copies of any and all agreements between the Department and County/City Management Associations which relate to the Civil Defence PHECC Licence application in the last 12 months up to the signing of the Statutory Declaration.,11/09/2019,Part-Granted
0110/2019,15/08/2019,Journalist,Submissions made to the Minister relating to Civil Defence policy matters for the period August 2015 to date.,12/09/2019,Granted
0111/2019,16/08/2019,Journalist,"All correspondence, communications and messages, both internal and external, including with the Defence Forces, relating to a press query sent to the Department of Defence and Defence Forces press office on August 9th, 2019. The query read: Good afternoon, I have two queries I was hoping you could help me with. 1-The first relates to the current status of the Le Eithne and Le Orla. I know both are undergoing maintenance. Has any decision been taken on whether they will be on patrol once this has finished? Have enough new personnel been found to allow this? 2-The second relates to armourers in the Naval Service. I understand there are currently 3 armourers in the NS which represents about 25 per cent of the required capacity. I understand all three were recently persuaded to stay by increasing their pay rate from Tech 5 to Tech 6. Is the low number of NS armourers having an effect on capacities and use of weapons?",13/09/2019,Granted
0112/2019,20/08/2019,Oireachtas,"-all written and/or electronic communications and/or briefing notes and/or memoranda sent by Ms Clare Tiernan, Director with responsibility for Operations within the Department of Defence, to any Defence Forces and/or Department of Defence personnel relating to the naval service in the months of June 2019 and July 2019",16/09/2019,Part-Granted
0115/2019,21/08/2019,Journalist,I wanted to access,under Freedom of Information law,all of the documents held by the department relating to either the risks of OR advanced planning for a border poll at some point in the future. I would like my FOI to cover the last year.,18/09/2019,Refused
0117/2019,26/08/2019,Other,"All correspondence between the Department of Defence and representatives of the Roman Catholic Church since 16th November 2018, which refers to Defence Force Regulation A3 Section 1. All internal documents and communications (including, but not limited to, meeting minutes and emails) since 16th November 2018, which refer to Defence Force Regulation A3 Section 1.",23/09/2019,Part-Granted
0122/2019,04/09/2019,Journalist,A copy of the latest Annual Return to the Secretary General submitted by the Defence Forces Chief of Staff on Control,Administration and Maintenance of Military Vehicles.,02/10/2019,Granted
0125/2019,09/09/2019,Journalist,All correspondence in relation to social media usage. All policy documents or guidelines in relation to social media use.,08/10/2019,Part-Granted
0128/2019,01/10/2019,Journalist,Details of all available expenses incurred by Taoiseach Leo Varadkar and junior minister Paul Kehoe and all travelling officials for trips to New York for UN meetings in September 2019. The records should include details: The number of officials that travelled; Flights including whether they were economy/business class/first class and costs incurred by any flight cancellations; Accommodation costs; Subsistence claims; Transport costs; Spending on gifts for dignitaries; Copies of all receipts/invoices submitted in support of expenses claims/spending for the trips.,Part Granted 23/10/2019
0129/2019,01/10/2019,Journalist,"Copies of any correspondence between your department and the Irish Red Cross with regard to the state's annual contribution to the organisation each year. This request to cover the period 1 January 2018 to date of receipt of the request. Copies of any internal audits, reviews, submissions, memoranda or other such records discussing or referring to the provision of grant in aid to the Red Cross. This request to cover same period as above.",Part Granted 24/10/2019
0131/2019,04/10/2019,Journalist,"Access to records held by the Department of Taoiseach dated between March 1, 2019 and 04/10/2019. The request relates to correspondence and meetings with Irish Rail officials and representatives and, partially, to the following lobbying activity: https://www.lobbying.ie/return/52849/iarnr%C3%B3d-%C3%A9ireann-irish-rail. A record of correspondence, including but not limited to letters, emails, briefing documents, draft briefing documents, reports, draft reports, memos and text messages between Irish Rail and Minister Kehoe’s office about the development of Rosslare Europort. A record of meetings between Irish Rail and Minister Kehoe’s office about the development of Rosslare Europort.",Refused 15/10/2019
0132/2019,11/10/2019,Journalist,"The amount of money spent across the department on hosting Christmas parties between November and December 2018. The items that were presented by your department to state, semi-state and foreign bodies as Christmas gifts between November and December 2018.",Refused 24/10/2019
0133/2019,14/10/2019,Journalist,"A copy of all correspondence (including emails) between (to and from) the Defence Forces and the Minister of State for Defence, Paul Kehoe, in relation to Defence Forces pay since January 1, 2019.",Granted 04/11/2019
0134/2019,16/10/2019,Journalist,"The release of information concerning the publication of the 'Revolution Files' content in today's Irish Times (15 October), including details of any money paid to the Irish Times for the publication of the content, any correspondence with Irish Times editors regarding the 'Revolution Files' and minutes of meetings, meeting notes or meeting logs taken where members of the Department of Defence and representatives of the Irish Times were present.",Part Granted 14/11/2019
0135/2019,14/10/2019,Journalist,A breakdown of the total cost of the Department's presence at the National Ploughing Championship 2019. The number of staff deployed from the Department for the event and the cost of deploying the staff with a breakdown of the expenses. The cost of the Department's stand at the National Ploughing Championship and breakdown of the costs.,Granted 12/11/2019
0137/2019,21/10/2019,Other,"A copy of the 2013 Working Group Report on Malaria Chemoprophylaxis also known as the larium working group report/working group report on Lariam. A copy of the 2017 Working Group Report on Malaria Chemoprophyaxis. All versions of the above reports to include drafts and any updates made to the original report between 2013&2017. The terms of reference for the Working Group during the commission of both the 2013 & 2017 reports. The minutes of all the working group on malaria chemoprophylaxis, medical advisory group and implementation group meetings, recommendations, reports and findings.",Part Granted 03/12/2019
0138/2019,22/10/2019,Journalist,Any correspondence between the Department of Defence at the grades of APO and above with the Department of Public Expenditure and Reform in respect of capital projects for the Defence Forces in 2020 for the period of 1 April 2019 up to budget day 8 October 2019.,Part Granted 19/11/2019
0140/2019,30/10/2019,Journalist,"All correspondence between Enda O'Coineen and the department of in the last 6 months. Any internal correspondence, memos, presentations, documents generated as a result of the correspondence between Enda O'Coineen and the department.",Part Granted 27/11/2019
0141/2019,31/10/2019,Journalist,"A copy of the pre-budget submission from the Department to the Department of Finance ahead of Budget 2020. A copy of any cover, explanatory or accompanying letters sent by the Minister or Secretary General of your Department along with the pre-budget submission.",Refused 22/11/2019
0142/2019,05/11/2019,Journalist,A list of submissions submitted to the Minister through the e-submission channel to cover the period from 1/10/2019 – 4/11/2019.,Part Granted 03/12/2019
0145/2019,14/11/2019,Other,"Report regarding dump (land fill) at Donnollys Hollow, Curragh.",Refused 11/12/2019
0146/2019,18/11/2019,Journalist,"Copy of all correspondence (including emails) between (to and from) the office of Minister Paul Kehoe and the Air Corps in relation to the air ambulance service (emergency aeromedical service) since January 1, 2019.",Refused 13/12/2019
0147/2019,19/11/2019,Other,The time and date of a decision made by then then Minister for Defence to consult with the Minister for Transport to appoint the AAIU / DTTAS as the investigators in a fatal air crash involving an Air Corps aircraft which occurred on the 12th October 2019. The initial investigative lead was performed by the Air Corps flight safety officer.,Granted 17/12/2019
0148/2019,21/11/2019,Journalist,"All correspondence to and from Minister of State Paul Kehoe which reference the Air Ambulance Service in Athlone, air ambulance services in Connacht, and air ambulance services provided by the Air Corps since the beginning of this year.",Part Granted 19/12/2019
0149/2019,21/11/2019,Oireachtas,"All invoices in relation to spending on make-up, cosmetics and hair styling (to include both products and services) by the Department in 2019.",Refused 02/12/2019
0154/2019,21/11/2019,Journalist,"Copies of the actual mileage claim forms submitted by each minister, minister of state at your department for the calendar year 2019. A spreadsheet/table indicating how much was paid in mileage to each minister and minister of state at your department for the calendar year 2019.",Part Granted 19/12/2019
0155/2019,22/11/2019,Oireachtas,"All correspondence (including any meeting minutes, emails, briefing notes and memos) of discussions between the Department of Defence and the Department of An Taoiseach or internal departmental discussions on the use of the government jet to travel to Zagreb, Croatia on November 20th-22nd, 2019.",Part Granted 20/12/2019
0156/2019,25/11/2019,Journalist,"The total cost of funding provided to Civil Defence units in Counties Longford, Leitrim, Roscommon, Cavan and Monaghan in the years, 2017, 2018 and to date in 2019 in tabular form? The number of people officially accredited to work with Civil Defence units in Counties Longford, Leitrim, Roscommon, Cavan and Monaghan in the years, 2017, 2018 and to date in 2019 in tabular form? The total number of events that Civil Defence units assisted with in Counties Longford, Leitrim, Roscommon, Cavan and Monaghan in the years, 2017, 2018 and to date in 2019 in tabular form?",Granted 23/12/2019
0157/2019,22/11/2019,Other,"A list of all payments made on your behalf to any supplier in a currency other than the Euro, for the first three quarters of this calendar year. Showing the currency paid, the amount paid, a brief description of what was being procured, the bank/FX payment provider who processed the transaction, the cost of the transaction ( the cost of the foreign currency in Euro's ) , the cost of any additional bank charges. A list of all receipts in a foreign currency other than the Euro, charged by you to any customer.",Granted 06/12/2019
0158/2019,27/11/2019,Journalist,"The number of men and women employed by the department in each of the following salary bands. How many workers in each category are part-time. Employees will be assumed to be full time otherwise. €0-24,999 €25,000-49,999 €50,000-74,999 €75,000-99,999 €100,000-124,999 €125,000-149,999 €150,000-174,999 €175,000-199,999 €200,000-€224,999 €225,000- 249,999 €250,000-274,999 €275,000-€299,999 €300,000 and above",Granted 23/12/2019
0159/2019,29/11/2019,Oireachtas,"All details of contacts from former Air Corps Pilots with the Department of Defence seeking information about or requesting an application to re-enlist and be recommissioned. This request should include all forms of communication letters, emails, telephone calls.",Part Granted 06/01/2019
0160/2019,29/11/2019,Journalist,"A copy of all representations and correspondence to and from the Minister and special advisors, briefing documents and memos regarding the use of Defence Forces property (army barracks and others) as accommodation centres for international protection applicants and those seeking asylum. This includes both as designated direct provision centres and as emergency accommodation.",Refused 20/12/2019
0161/2019,05/12/2019,Journalist,Copies of all records held referring/relating to planning of transport for the Taoiseach's trip to the EPP congress in Zagreb.,Part Granted 06/01/2019
0162/2019,05/12/2019,Journalist,Copies of any inspection reports or other such reviews of standards of accommodation for recruits at the Curragh military camp. This request to cover the period 1 January 2018 to date of receipt of the request. Copies of any correspondence between the Department and the DF with regard to conditions for recruits at the Curragh military camp during the same period.,Refused 06/01/2019
0163/2019,06/12/2019,Journalist,"Copies of any briefings, submissions, or other such review or explanatory documents prepared for the Minister or the Secretary General relating to DF decision to curtail air ambulance service. Copies of any correspondence between your department and the Air Corps relating to the above.",Part Granted 07/01/2019
0164/2019,06/12/2019,Journalist,Copies of any records held referring or relating to the possibility that unused military barracks could be used for the purposes of providing accommodation for asylum seekers. This request to cover the period 1 September 2019 to date of its receipt.,Refused 07/01/2019
0165/2019,10/12/2019,Journalist,"The full travel, security and advisory costs incurred by the Department in the operation to repatriate an Irish national and her child to Ireland since September 1 2019: A breakdown of the above costs, including: The numbers of trips The numbers of people travelling in each party The cost of flights, accommodation and meals The cost of advice or consultancy or reports of any kind relevant to the operation & commissioned by the Department Costs of external security services related to the operation",Refused 09/01/2019
