REFERENCE NO.,REQUEST DATE,REQUESTOR CATEGORY,SUMMARY OF REQUEST,DECISION,DECISION DATE
40/2023,03/04/2023,Journalist,"I am seeking the following: • All correspondence between the Tánaiste and members of the Women of Honour Group regarding the report from the Independent Review Group examining the Defence Forces between December 17 2022 and the date of this request • All correspondence between the Tánaiste and members of the Independent Review Group regarding its report examining the Defence Forces between December 17 2022 and the date of this request Correspondence should include, but not be limited to, letters, emails, briefing notes, meeting minutes, text messages etc.",Part-Granted,05/05/2023
42/2023,06/04/2023,Journalist,"I’d like to apply for the following document under the Freedom of Information Act. A letter from the Chief of Staff to Hugh Mohan dated November 22, 2022. It's listed on Page 40 of The Mohan Report.",Transferred,06/04/2023
43/2023,06/04/2023,Journalist,"I am requesting the release of details of email correspondence sent to Minister of State Peter Burkes office from members of the public between 1 January and 31 March. I am specifically seeking the number of emails sent by the public containing the terms trans, transgender, transgenderism, gender, and sexuality (with a breakdown of the number of emails which mention each term); and also the number of emails sent by the public containing the terms eviction, eviction ban. If possible, the release of all pieces of correspondence sent between 1 January and 31 March to the office of the Minister of State containing these terms.",Refused,12/04/2023
44/2023,11/04/2023,Others,"All correspondence related to the support - if any – from the Defence Forces authorised by Dept of Defence for Kilkenny College from 01 January 2018 – 31 March 2023. Supporting information: ‘Support’ to include, but not limited to, materials, miscellaneous stores, inventory and/or use of military vehicles and personnel.",Granted,03/05/2023
45/2023,11/04/2023,Others,"All correspondence from 01 January 2022 to 31 March 2023 related to the unauthorised access to confidential medical files by an agency nurse in Collins Barracks, Cork. I would prefer to receive this information electronically please.",Transferred,24/04/2023
47/2023,11/04/2023,Journalist,"All travel and accommodation costs associated with St Patrick's Day foreign engagements this year, 2023, for senior/junior ministers in the Department of Defence. To include: • costs for both senior and junior ministers in the department. • costs for their advisors & staff. • details and cost of any gift given by same senior/junior ministers during their trips. • details of any gifts received by same senior/junior ministers during their trips.",Refused,11/04/2023
48/2023,11/04/2023,Others,"- Any correspondence or meeting minutes between Tanaiste Michael Martin and the Cannabis Risk Alliance - Any correspondence or meeting minutes between Tanaiste Michael Martin and Prof Bobby Smyth - Any correspondence or meeting minutes between Tanaiste Michael Martin and Prof Mary Cannon - Any correspondence or meeting minutes between Tanaiste Michael Martin and Prof Ray Walley - In this article dated 20 March 2023, Tanaiste Michael Martin mentioned medical personnel have informed him that cannabis products are much more potent now, and they believe it is a contributing factor in schizophrenia. https://www.breakingnews.ie/ireland/tanaiste-concerned-about-possibility-of-legalising-cannabis-1450136.html A request for any correspondence between Tanaiste Martin and this source, or records of any meetings, and briefings or minutes thereof.",Refused,13/04/2023
49/2023,14/04/2023,Journalist,"I am seeking the following please in regard to the operation of the Independent Monitoring Group (IMG) of the Irish Defence Forces circa July 2017 to December 2021; - Correspondence between then Chief of Staff of the Irish Defence Forces Vice Admiral Mark Mellett and Minister with responsibility for Defence Paul Kehoe in regard to the IMG. - Any correspondence, emails, letters etc between the Irish Defence Forces, Department of Defence, Government advisors, Robert Mooney, Ciaran Murphy, Jacqui McCrum and Government ministers Leo Varadkar, Paul Kehoe and Micheál Martin regarding the operation of the IMG.",Refused,02/06/2023
51/2023,17/04/2023,Others,I wish to request a copy of the Irish Defence Forces Uniform Regulations,Withdrawn and Handled Outside of FOI,18/04/2023
54/2023,24/04/2023,Others,"I would like to get information, documents, emails and correspondence between the Defence Forces, Department of Defence and the independent review group in the 4 weeks before the publication of the final report of the review group on 28/03/23 to include information given to the group by the top brass or civil servants for explanation or context to be included in the report. The report was made public on 28 mar 23, and under foi i would like to know what information was given to the group by the top brass or civil servants for explanation or context to be included in the report. Can I get this on email please? I would like to receive reports, documents or emails sent from, or signed or approved by, civil servants of the department of defence to the independent review group of the defence forces between 01 March and 28 March 2023; from the following people that are named on your website: • Jacqui McCrum Secretary General of the Department of Defence • Clare Tiernan Assistant Secretary for Defence Capability (People) • Aileen Nolan Director of Emergency, Operations and Infrastructure Oversight • Bernie Maguire Assistant Secretary for Defence & Security Policy International & National • Eamonn Murtagh Assistant Secretary for Strategic Change & Capability Development • David Lawler Acting Assistant Secretary Corporate Affairs",Refused,06/06/2023
57/2023,26/04/2023,Journalist,• Details of all costs incurred by the Department of Defence in relation to the visit of US President Joe Biden in April 2023. • The details should include an itemised breakdown of costs incurred including but not limited to any building works; catering; vehicle hire; hiring of security infrastructure - barriers etc.; travel; accommodation; gifts etc. and copies of all invoices related to same.,Withdrawn,27/04/2023
59/2023,28/04/2023,Others,"I am making an official FOI request for any document, notes or emails that contains an instruction or guidance that states or shows ..... NOT TO ALLOW ANY INCIDENT OF ARMY SEX ABUSE BE REALISED INTO THE PUBLIC DOMAIN",Withdrawn,29/05/2023
60/2023,28/04/2023,Journalist,"Correspondence between the project team on radar capabilities and the Department of Defence and the Minister of Defence. Minutes of meetings of the project team on radar capabilities. Any briefing notes, correspondence, or documents relating to these meetings. Any briefing notes, memos or documents prepared for the Minister relating to radar capabilities or the project team on radar capabilities meetings. Any correspondence with EU or NATO regarding the project team on radar capabilities or Ireland’s radar capabilities. The period of the request is from Jan 1, 2023 to April 28, 2023.",Part-Granted,29/05/2023
61/2023,02/05/2023,Others,"- copy of all emails, text messages, WhatsApp messages or other correspondence within and between the Department of Defence, and the Defence Forces in relation to the Press Release and press relations concerning the release of the Meenan Report on 21 Apr 23 and the 14 days before the release. - a copy of all emails, text messages, WhatsApp messages or other correspondence within and between the Department of Defence, and the Defence Forces in relation to the Press Release and press relations concerning the release of the Mohan Report on 24 Mar 23 and the 14 days before the release.",Refused,30/05/2023
62/2023,02/05/2023,Others,"Seo iad na taifid atá iarraidh agam ná: Táim ag iarriadh gach leagan den Phlean Gníomhaithe ar son na hAeráide, atá de dhualgas ag gach eagraíocht a bheith acu de réir an Acht Aeráide, le 1. Sonraí iomlán de gach Phleann a bhí agat ó dul-i-bhfeidhm an Achta 2. Dáta ar a foilsíodh gach Plean 3. Dáta ar a chuaigh gach Plean i bhfeidhm 4. An méid airgead, miondhealaithe de réir cúiseanna na gcoastas, a caitheadh ar chruthú agus ar chur i bhfeidhm gach Plean",Part-Granted,16/05/2023
63/2023,03/05/2023,Journalist,- copies of any records held referring or relating to the inadvertent publication of an incorrectly redacted version of the Mohan report online by the department.,Refused,31/05/2023
65/2023,18/05/2023,Oireachtas/Public Representatives,"- all internal documents concerning the decision to host a consultative forum on neutrality, including the selection of the Chair of that forum and the decision to opt for that method rather than a Citizen’s Assembly, in the period Feb 2022 - present.",Part-Granted,16/06/2023
66/2023,24/05/2023,Business/Interest Groups,"Request for any records held by the Property Management Branch of the Department of Defence in respect of the former British Army Barracks situate at Fort Camden, Crosshaven, Co Cork and any associated activities which may relate to “Old Rose Cottage”, Crosshaven, Co Cork.",Withdrawn and Handled Outside of FOI,25/05/2023
67/2023,30/05/2023,Journalist,- Copy of all department management board meetings for the calendar year 2023. - A list of all submissions made to the Minister through e-submissions (or any similar system) for the calendar year 2023.,Part-Granted,28/06/2023
69/2023,06/06/2023,Journalist,"1. How many staff are in your department? 2. How many staff are working from home 5 days per week? 3. How many staff are working from home 4 days per week? 4. How many staff are working from home 3 days per week? 5. How many staff are working from home 2 days per week? 6. How many staff are working from home 1 day per week? 7. How is your department examining productivity of remote workers? 8. Do you use video surveillance or monitor emails, including the times of day emails are sent? 9. What is the total floor space of your office(s) in square meters please?",Refused,20/05/2023
70/2023,14/06/2023,Others,"- copies of all correspondence, email and otherwise, sent or received by the Department of Defence, in relation to its compliance with, and obligations under, the National Archives of Ireland Act 1986, specifically, the deposit by the Department of Defence of records for public inspection, their full or partial withholding of records from public inspection, and other policy and decisions relating to this. I would like to view records from 1 January 2016 to present.",Part-Granted,12/07/2023
71/2023,16/06/2023,Others,"- copy of all emails, letters, text messages, whatapp messages and correspondence held by the Dept of Defence in relation to the appointment of the Secretary General of the Department of Defence to the External Oversight Body of the Defence Forces on April 5th, 2023. Can I get a copy of this correspondence between Jan 1st this year and April 5th please?",Part-Granted,17/07/2023
72/2023,16/06/2023,Journalist,- copies of any records held referring or relating to the decision to charter an aircraft for the use of the Taoiseach on his recent visit to Moldova. - copies of any correspondence between the DoD and DF with regard to the above. This request can exclude any records relating to organisation of overflights etc.,Part-Granted,13/07/2023
73/2023,21/06/2023,Journalist,"- copies of all completed audits – internal and external - conducted by or on behalf of the Department of Defence of all organisations that receive public funding from the Department. The time frame of this request is January 1 2002, to date.",Part-Granted,19/07/2023
75/2023,28/08/2023,Others,- any record which is a formal delegation of a function or functions by the head of your body under section 20 of the Freedom of Information Act 2014 and which is currently in force. I am not seeking past / revoked / lapsed instruments of delegation.,Granted,26/07/2023
76/2023,28/06/2023,Others,"1. any records held in your department / office / body relating to the general principle / policy currently applied by your department / office / body regarding the purchase of carbon offsets when paying for flights, and 2. any records which show whether carbon offsets were either a) paid for in respect of any travel during 2023 which was funded by your department / office / body, or b) included in T&S claims submitted but subsequently disallowed. In relation to 1. above, a copy of the department’s / office’s / body’s current internal office notice / circular on this matter would suffice, but if no formal notice / circular exists, then I request access to all records regarding the drafting or formulation of such a notice / circular.",Withdrawn,28/06/2023
77/2023,28/06/2023,Others,- any record which lists additional facilities or services recommended or provided in your department / office / body for cyclists since publication of the Government’s Climate Action Plan in 2022.,Refused,27/07/2023
78/2023,28/06/2023,Others,"1. any records which show or analyse the carbon footprints of persons for whom your department / office / body pays, directly or indirectly, travel expenses (2021 and 2022); 2. any records which outline measures taken in your department / office / body to reduce carbon footprints associated with travel since the government’s Climate Action Plan was published (2021, 2022, 2023)",Part-Granted,27/07/2023
