Query Number/Uimhir,Date Received/Dáta a Fuarthas,Related File/Uimhir Cháis,Query/Ceist,Requester/Cineál,Decision/Cinneadh,Date Issued/Dáta a Eisíodh an Cinneadh,IR/AL,Decision/Cinneadh
814,5/1/2022,311243,"All records related to 311243 - Ringfort View, Balrothery, Balbriggan, Co Dublin. I would prefer to receive this information electronically, preferably in its original formatting.",Non-personal,Refuse,5/1/2022,No,No
815,5/1/2022,N/A,"copies of all correspondence between ABP and its parent department with regard to increased levels of staffing, budgets, or resources for consideration in advance of Budget 2022.",Non-personal,Grant,2/2/2022,No,No
816,18/1/2022,N/A,A list of devices used by the Board and ICT software applications.,Non-personal,Refuse,8/2/2022,No,No
817,1/2/2022,N/A,"A database/spreadsheet/log of all complaints received by ABP in 2020 and 2021, to include the general nature of the complaint, the month in which it was made, and the outcome of that complaint."
"- copies of all complaints made to ABP for the most recent quarter available e.g. Quarter 4 of 2021. I believe many - if not all - of these records can be anonymised so that they do not disclose personal information and am happy for this to be done.,Non-personal,Part-Grant,24/02/2022,No,No"
818,1/2/2022,N/A,"I request all records relating to any/all comments, requests, contributions, minutes of meetings, emails or any other information available relating to ABP contribution(s)/request(s)/comment(s)/discussion(s) on the Road Traffic Bill 2021. I would like all documents in a commonly accessible electronic format e.g. pdf",Non-personal,Refuse,29/02/2022,No,No
819,4/2/2022,308879,"all correspondence relating to the public right of way. Specifically, and to prevent any unnecessary delays, please be advised that the information sought relates to any documentation pertaining to the reasons / rationale for the delay in the decision making process for the application. Further to this request, please forward details of the number of planning applications / appeals which have been undecided by ABP for over 12 months (ie – details of planning appeals which have been in ABP for consideration in excess of 12 months) with reference to the period 2020-2022."
In addition,please include any correspondence / documentation/ correspondence referring to the Public Right of Way,"to include Counsel’s opinion on the aforementioned and any other legal advice pertaining to same.,Non-personal,Refuse,3/3/2022,No,No"
820,15/2/2022,302848,A copy of the Oral Hearing Recording,Non-personal,Refuse,3/3/2022,No,No
821,22/02/2022,N/A,"The release of emails sent by or on behalf of any TDs, Ministers, the Tánaiste or the Taoiseach to the following address since 2019",Non-personal,Refuse,25/03/2022,No,no
822,22/02/2022,N/A,I wish to know the total amount of approvals of developments An Bord Pleanála Has made for the South Dublin County Council area in January 2022.,Non-personal,Grant,21/03/2022,No,No
