Our Ref,Date Rec'd,Requester Type,Request Details,Decision Made
22/342,28/11/2022,Journalist,"All correspondence between the Department of Agriculture and Nitrofert, the Wexford based fertiliser suppliers, between 1 April 2022 and 28 November 2022 - this includes correspondence between representatives of Nitrofert and the Department of Agriculture."
All correspondence from third parties to the Department of Agriculture between1 April 2022 and 28 November 2022 which references Nitrofert's procurement of fertiliser from Russian sources.
All internal correspondence in the Department of Agriculture between 1 April 2022 and 28 November 2022. which concerns Nitrofert's procurement of fertiliser from Russian sources.
All interdepartmental correspondence between the Department of Agriculture and other government departments between 1 April 2022 and 28 November 2022,"referencing Nitrofert and its procurement of fertiliser from Russian sources,Part Grant"
22/357,07/12/2022,Other,Can you please provide the following documents which the Minister received prior to his Determination of Application TO5/640A.
"1. Requests made by the Minister for information from consultees 2. All consultation responses received by the Minister 3. All scientific evidence he received 4. All evidence relating to adequacy of road access 5. All legal advice he received relating to the adequacy of the Scoping Assessment undertaken by Marine Institute 5. All internal memos relating to the application.,Part Grant"
22/358,12/12/2022,Other,"A copy of any minutes or meeting notes that were taken at the time', as it relates to a meeting on 11th March 2020 between officers of the Department and Directors of Howth Yacht Club.",Refused
22/363,20/12/2022,Journalist,"• All correspondence between the Department of Agriculture and officials in China, on the topic of Irish beef access to China, between 01/01/2022 - 20/12/2022."
• All memos sent to Minister for Agriculture,Charlie McConalogue,relating to Irish beef access to China,"between 01/01/2022 - 20/12/2022.,Part Grant"
22/364,21/12/2022,Client,1. No. of controlled finishing units in munster province.
2. A breakdown of these units per county in munster.
"2.address of each of these controlled finishing units.,Refused"
22/365,22/12/2022,Journalist,"• All records relating to the meeting, held on the 19th of October between the Department of Agriculture, Department of Enterprise and the Department of Transport, as well as Revenue, to determine if the importation of a consignment of Russian Fertiliser is illegal."
• The minutes of the meeting,held on the 19th of October between the Department of Agriculture,Department of Enterprise and the Department of Transport,as well as Revenue,to determine if the importation of a consignment of Russian Fertiliser is illegal.
• The briefing notes generated in advance of the meeting,held on the 19th of October between the Department of Agriculture,Department of Enterprise and the Department of Transport,as well as Revenue,to determine if the importation of a consignment of Russian Fertiliser is illegal.
• The agenda of the meeting,held on the 19th of October between the Department of Agriculture,Department of Enterprise and the Department of Transport,as well as Revenue,to determine if the importation of a consignment of Russian Fertiliser is illegal.
• The PowerPoint presentation at the meeting,held on the 19th of October between the Department of Agriculture,Department of Enterprise and the Department of Transport,as well as Revenue,to determine if the importation of a consignment of Russian Fertiliser is illegal.
• Handwritten notes taken at the meeting,held on the 19th of October between the Department of Agriculture,Department of Enterprise and the Department of Transport,as well as Revenue,to determine if the importation of a consignment of Russian Fertiliser is illegal.
• The email chain afterwards to discuss the meeting,held on the 19th of October between the Department of Agriculture,Department of Enterprise and the Department of Transport,as well as Revenue,to determine if the importation of a consignment of Russian Fertiliser is illegal.
• The memo prepared for their attention of relevant Ministers prepared as a result of the meeting,held on the 19th of October between the Department of Agriculture,Department of Enterprise and the Department of Transport,as well as Revenue,"to determine if the importation of a consignment of Russian Fertiliser is illegal.per county in munster.,Part Grant"
22/366,28/12/2022,Business/Interest Group,"Can I please request copies of the below documentation in relation to a shipment to Iskenderun, Turkey, that left Foynes Port on 3/12/22:"
• Health certificates
• Journey plan
• Masters confidential report
• Loading/preloading report
• Weather report
"• Veterinary report if a vet travelled with the shipment,Part Grant"
22/368,29/12/2022,Journalist,"The most recently updated Department Brief for an incoming Minister, either signed off and delivered to a new minister following the 2022 December reshuffle, or a draft prepared for a possible change of minister but never delivered as the minister wasn't changed",Part Grant
23/009,11/01/2023,Business/Interest Group,Please provide documents submitted by DAFM to EC in reference to the above complaint as submitted by Salmon Watch Ireland.,Refused
