CASE NUMBER,DATE RECEIVED,REQUESTER TYPE,REQUEST,DECISION
FOI/Req/25/047,31/01/2025,Other,"Under the Freedom of Information Act 2014, I am requesting access to the following records: • A full copy of the appointment diaries for the Minister for Foreign Affairs and Trade for the year 2024. • A full copy of the appointment diaries for the Minister for Foreign Affairs and Trade from January 1, 2025, to January 30, 2025. I request that these records include, but are not limited to, all official engagements, meetings, events, and any other recorded appointments in the Minister’s schedule during this period. If any part of my request is likely to be refused under FOI exemptions, I would appreciate if you could provide partial access to the records where possible, rather than a full refusal.",Part-Granted
FOI/Req/25/066,19/02/2025,Media,"Under the FOI Act 2014, I would like to request - All ministerial briefing documents from 2023 to present that mention;- Ireland's military neutrality policy - Any proposed - by government or any other party - changes to neutrality stance - International military cooperation - NATO/EU defence integration",Part-Granted
FOI/Req/25/075,25/02/2025,Media,"Under the Freedom of Information Act, I am seeking access to the following records - All records relating to the establishment of the US-based Strategic Economic Advisory Panel (SEAP), dated between January 15, 2025 and February 25, 2025.",Part-Granted
FOI/Req/25/076,25/02/2025,Media,"Under the Freedom of Information Act 2014 I request records of correspondences and attachments between the Embassy of Ireland, China and the Royal Hibernian Academy of the Arts (RHA) between 1st January 2024 and 31st May 2024.",Refused
FOI/Req/25/080,27/02/2025,Other,"I would like to obtain copies of all schedules, agendas, and minutes or other records that the Department of Foreign Affairs holds, of meetings held between Irish diplomats stationed in the United States of America and US-based Zionist, or other pro-Israel lobbyist, organisations (whether nominally Jewish, or otherwise) where the issues of Palestine, Israel, the Occupied Territories Bill, Antisemitism, or the International Holocaust Remembrance Alliance Working Definition of Antisemitism were discussed over the past six months. To be clear, the types of organisations I am referring to would include but are not limited to, for example, American Jewish Committee, American Jewish Congress, AIPAC, Christians United for Israel, Zionist Organisation of America, Anti-Defamation League, Simon Wiesenthal Center, Democratic Majority for Israel, Republican Jewish Coalition, etc.",Part-Granted
FOI/Req/25/083,03/03/2025,Media,Under the Freedom of Information Act 2014 I am seeking a list of esubmissions submitted to the Minister for Foreign Affairs through the e-submissions channel. I wish for my request to cover the period from 01-02-2025 - 28-02-2025.,Part-Granted
FOI/Req/25/084,04/03/2025,Media,"- Any briefing documents or meeting minutes which mention Taiwan or the One China policy, going back 24 months. This only concerns meetings involving the minister, their advisors, or civil servants who worked directly with them.",Part-Granted
FOI/Req/25/085,04/03/2025,Media,"Any documents pertaining to the cost of the redesign of the Irish passport from January 1st 2023 through to March 1st 2025 - to include receipts, contracts and invoices for the public consultation on the redesign, the art work commissioned for the redesign and the manufacturer of the passports.",Part-Granted
FOI/Req/25/086,04/03/2025,Media,- All records related to the Minister’s 2023 trip to China.,Part-Granted
FOI/Req/25/087,04/03/2025,Media,"Under the Freedom of Information Act 2014, I am seeking copies of the following esubmissions and associated documents: - DFA 00772-24; Inward Investment Screening - DFA 00021-25; Letter from Tánaiste to Samantha Power I wish for my request to cover the period from 1/12/2024 - 4/3/2025.",Granted
FOI/Req/25/090,11/03/2025,Media,"- A list of any external comms or PR services acquired by the department in the last 24 months. Please mention when they were acquired, from whom and the cost. - All records - correspondence, briefs, presentations etc - related to any crisis comms services received by the department in that period.",Refused
FOI/Req/25/091,11/03/2025,Media,"– all paper and digital correspondence (emails, letters, texts, WhatsApps, faxes) between the department and Aircraft Leasing Ireland thus far in 2025 – minutes of all meetings between the parties in the same period – records of all materials presented at meetings",Part-Granted
FOI/Req/25/095,14/03/2025,Other,"A log of all reported data protection breaches in respect of 2021, 2022, 2023 and 2024 to include the date, department or section, location and brief details of the reported breaches - Records showing the usage and costs of diplomatic bags during the years 2023 and 2024, to include the number of times diplomatic bags were used, and the total cost of the diplomatic bag service",Granted
FOI/Req/25/096,24/03/2025,Other,1. The internal guidelines document for the appointment of honorary consuls from Ireland to other countries. 2. The total amount claimed in expenses by each of Ireland's honorary consuls in 2024.,Part-Granted
FOI/Req/25/100,19/03/2025,Media,"Under the FOI Act 2014, I am requesting, on behalf of Ditch Media Limited, the following: - All records related to the Irish ambassador to Israel’s meeting with Dimiter Tzantchev and other ambassadors to EUMs in Israel. The meeting was held last month. Please include briefing notes, memos etc. if applicable.",Refused
FOI/Req/25/101,19/03/2025,Media,"Under the Freedom of Information Act 2014, I request the following records to cover 1 January 2025: • The agenda, notes taken to feed into the minutes, and any official minutes of any meetings of the new Consultative Group on International Trade Policy (Trade Consultative Group) chaired by the Tánaiste / Minister Simon Harris; • A copy of any terms of reference for the Trade Consultative Group; • A copy of any spreadsheet or document with a list of tentative or confirmed members of the Trade Consultative Group; • Any briefing papers or reports created by the department or shared with the department by other Trade Consultative Group members in advance of any meetings of the consultative group; • A copy of any invitations sent by the Tánaiste about membership of the strategic economic advisory panel (SEAP), the US-based group recently set up to advise the Government on trade issues; • A copy of any replies received from third parties about membership of SEAP; • A copy of any terms of reference for SEAP; • A copy of any spreadsheet or document with a list of tentative or confirmed members of SEAP; • Copies of any emails, memos, letters or briefings with recommendations for potential SEAP membership received from the US embassy, US consulates generals or Irish State agencies working in the US; • The agenda, notes taken to feed into the minutes, and any official minutes of any meetings of SEAP meetings;",Part-Granted
FOI/Req/25/103,19/03/2025,Media,"Under the Freedom of Information Act, I would like to request a copy of records and correspondence in relation to United States Agency for International Development and Irish charities. The record requests are from January 20th 2025 to March 18th 2025.",Part-Granted
FOI/Req/25/107,20/03/2025,Media,"Under the FOI Act 2014, I am seeking the following: - a copy of any receipts or invoices associated with a stay at the Old Parsonage Hotel in Oxford by members of staff of DFA, senior officials from other departments, and then-Taoiseach Simon Harris. I am seeking a copy of the actual hotel bill and any other DFA bills associated with that trip/visit in July 2024.",Granted
FOI/Req/25/108,20/03/2025,Media,Under the Freedom of Information Act 2014 I am seeking documents; - The full ministerial briefing notes presented to Tánaiste Simon Harris prior to his St Patrick’s Day trip to Philadelphia and New York.,Part-Granted
FOI/Req/25/117,26/03/2025,Media,"Under the Freedom of Information Act, any correspondence from 1st October 2024 to date with the Tanaiste concerning a document produced by the Cork Branch of the Construction Industry Federation entitled Development Constraints Impacting Metropolitan Cork.",Refused
FOI/Req/25/118,26/03/2025,Other,Under the 2014 FOI act can I request correspondence between Simon Harris or his advisers and Irish Water in the last month.,Refused
FOI/Req/25/121,27/03/2025,Other,"Please can you provide me with the total number of Dept. Of Foreign Affairs staff in receipt of the Keyholder Allowance, broken down by each grade (General Operatives / Clerical Officers / Executive Officers, etc.)",Granted
FOI/Req/25/125,28/03/2025,Media,Any correspondence between Mr Harris and his advisers and IBEC or other pharma companies from January to present.,Part-Granted
FOI/Req/25/130,01/04/2025,Media,I am making a Freedom of Information request for the following records: • A copy of Tánaiste Simon Harris's engagements diary. The time period can be limited to 23/1/2025 and 1/4/2025.,Part-Granted
FOI/Req/25/135,20/03/2025,Media,"I am submitting this request under the Freedom of Information Act 2014. I seek records covering the period from January 1, 2019, to December 31, 2024, detailing instances where your Department failed to meet the statutory deadlines for releasing records in response to Freedom of Information (FOI) requests, as prescribed by the FOI Act 2014. Specifically, I request the following: 1) The total number of FOI requests where the Department both: a) failed to release the requested records within 20 working days, as required by Section 13 of the FOI Act 2014 AND b) did not notify the requester of an extension within that same 20-working-day period, as allowed under Section 14 Note that I'm asking about cases in which both a) AND b) conditions apply. The resulting figure should be broken down by year. 2) The total number of FOI requests where the Department released the requested records later than 30 working days, despite notifying the requester of a 10-working-day extension under Section 14, broken down by year. 3) The total number of FOI requests where the Department refused the request under Section 15(1)(f) of the FOI Act 2014, on the grounds that the records were intended to be published within 6 weeks of the request, but then released those records more than 6 weeks after the refusal decision, broken down by year.",Refused
