FOI Reference,Category of Requester,Request,Decision Made,Date of Reply
156/001/2017,Staff,A copy of any report provided by any professional on the ergonomics of the physical environment within which officers of the Border Management Unit of the Irish Naturalisation and Immigration Services are required to operate at Dublin Airport.,Granted,18/08/2017
156/002/2017,Staff,"A copy of the Hazard Identification/Risk Assessment documentation (including any control measures) and Safety Statement on those areas of Dublin Airport within which the officers of the Border Management Unit of the Irish Naturalisation and Immigration Services are required to operate, including the toilet, kitchen, and rest facilities.",Refused,18/08/2017
156/003/2017,Journalist,Correspondence and minutes from meetings with names organisations and with Irish Human Rights and Equality Commission on the matter of changes to lawful interception and surveillance laws.,Part Grant,16/03/2017
156/004/2017,Journalist,"How much has been spent on accommodation costs and legal fees for people seeking refugee or protection status at a named hotel since its reopening in 2015. Have there been any other auxiliary costs or utility costs accrued during that time. How many complaints, if any, have been received by the Department concerning any service users there? Have any been evicted / relocated elsewhere? Have there been any threats / abuse to staff, damage to property and any Garda investigations during same period?",Refused,23/03/2017
156/005/2017,Journalist,All correspondence sent and received between any official from the Department of Justice and the Labour Court in October / November 2016 in relation to the industrial dispute (threatened strike action) involving members of the GRA and the AGSI in 2016.,Part Grant,10/03/2017
156/007/2017,Journalist,"All records of correspondence between the State Pathologist Dr Marie Cassidy (or her office), and the Department of Justice, related to the handling of cases by a named doctor. All memos and advice to the Minister regarding the handling of cases by the named doctor. All records held by the Department regarding proposals for a peer review of cases handled by the named doctor.",Refused,17/02/2017
156/011/2017,Journalist,"All information on the Department of Justice’s decision to locate refugees in Ballaghaderreen in Co Roscommon. Where possible, a breakdown of: Any internal Departmental emails, discussion over consultations or discussion over correspondences received in any form about the housing of refugees at the Abbeyfield Hotel in Ballaghaderreen in Co Roscommon. Any communications received, consultations or correspondence between the Department or the Minister and any other persons, entity or Department within Government or within Dáil Éireann about the housing of refugees at a named hotel in Ballaghaderreen in Co Roscommon. Any communications received, consultations or correspondence received by the Department or the Minster from the general public, Non Governmental Organisations (NGOs) or public representatives regarding the decision to house refugees at the named hotel in Ballaghaderreen in Co Roscommon. Any documents or correspondence which pertain to the Department of Justice and the Minister’s decision or discussion around the location of refugees at a site in Ballaghaderreen in Co Roscommon and outlining the Department and the Minister’s reason for choosing the Roscommon location and how long it is planned the refugees will stay at the site. Any documents or correspondence which pertain to decisions or discussions by the Minister or her Department around the resettling of more refugees at the hotel in Ballaghaderreen in Co Roscommon or any other location in Roscommon or around Ireland? Any communications received, consultations, correspondence or representation from public representatives or TDs over the refugees being located at a site in Ballybunion in Co Kerry. Any documents which pertain to the Department of Justice or the Minister considering a site at Ballybunion in Co Kerry or any other towns or hotels being considered and how many refugees they would accommodate. Any documents, correspondence or evidence from the Department of Justice or the Minister as to information confirming the age of refugees coming in, how many are coming in, from where and decisions around where the refugees would be located. Any documents, correspondence or evidence of efforts by the Department of Justice or the Minster to vet the refugees coming into Ireland to ensure they pose no security threat. Any documents, correspondence or evidence from the Department of Justice or the Minister of refugees permitted entry into Ireland, the amount of refugees refused entry and the reasons the Department denied entry to the refugees.",Refused,07/02/2017
156/012/2017,Others,"Records relating to : 1. The cost of each of the leases / contracts that the Department has made for the premises in Clonea Strand in Waterford, Monasterevin and Ballaghaderreen in Roscommon for use as emergency reception and orientation centres to accommodate those arriving in Ireland as part of the EU response to the migrant crisis. 2. The length of each lease. 3. Copies of all correspondence to and from the offices of (a) Minister Frances Fitzgerald and (b) Minister of State David Stanton since October 2016, in relation to the proposed EROC in Ballaghaderreen.",Refused,17/02/2017
156/013/2017,Journalist,All diary entries and records of contact between the Department of Justice and any representatives of a named company from 1 July 2014 to 10 January 2017. All correspondence between David Stanton TD and or the Department any representatives of a named company. Copies of any correspondence between the Department of Justice and a named person. Copies of any correspondence between the Department of Justice and a named person.,Refused,16/01/2017
156/014/2017,Journalist,"All internal and external correspondence / reports / publications / studies relating to a named hotel and or the locating of refugees in Ballaghaderreen, Co. Roscommon on dates between 1 January 2016 to 10 January 2017.",Part Grant,10/05/2017
156/015/2017,Journalist,All diary entries and records of contact between the Department of Justice and any representatives of a named company from 1 July 2014 to 10 January 2017.,Refused,16/01/2017
156/018/2017,Journalist,All communications between the members of the Legal Services Regulatory Authority and the Department since LSRA members were appointed.,Part Grant,31/03/2017
156/024/2017,Journalist,"Current membership and current chairperson of the Commission for the Support of the Victims of Crime. Fees, allowances or expenses provided to the chairperson and members of the Commission for the Support of the Victims of Crime over the last four years. Total annual budget of the Commission for the Support of the Victims of Crime. Organisations funded by the Commission for the Support of the Victims of Crime over the last four years and the amount provided to each organisation over the last four years. The date of the most recent consultative forum run by the Commission for the Support of the Victims of Crime and the date of the next planned forum.",Granted,15/02/2017
156/026/2017,Journalist,"Copies of all documentation, correspondence and representations made and received from 1 June 2016 to 13 January 2017 in relation to: The review of the Immigrant Investor Programme, the results of which were announced on 20 December 2016",Refused,17/02/2017
156/027/2017,Clients,"Records relating to: 1. The number of refugees/relocated asylum seekers who will be housed at a named hotel. 2. The exact date of their arrival. 3. The number of staff who be employed at the hotel and a breakdown of their roles; i.e. five nurses. 4. Information on the itinerary for the refugees/relocated asylum seekers at the hotel i.e., meal times, leisure activities, etc. 5. The amount of money the asylum seekers/refugees will receive each week during their stay in the hotel.",Granted,03/03/2017
156/029/2017,Journalist,"1. All briefing material for the Minister including memos, emails, advice on any proposals which would involve Gardaí becoming part of the trade union movement, or having the right to strike. 2. All communication between any official in the Department and any officer, or official with An Garda Síochána regarding a proposal to permit Gardaí to become part of the trade union movement, or having the right to strike. 3. All briefing material prepared for An Taoiseach involving any proposal to allow Gardaí to become part of the trade union movement, or having the right to strike.",Refused,10/02/2017
156/030/2017,Journalist,"1. Any written communication to include but not limited to email, letters, messenger apps messages, memos between (both to and from) the office of Minister Finian McGrath and the Department of Justice on and/or including the topic of the UN Convention on the Rights of Persons with Disabilities during 2016, and to 18 January 2017. 2. Briefing documents provided to Minister Finian McGrath on and/or including the topic of the UN Convention on the Rights of Persons with Disabilities during 2016 and to 18 January 2017. 3. Briefing documents provided to Minister Frances Fitzgerald on and/or including the topic of the UN Convention on the Rights of Persons with Disabilities during 2016 and to 18 January 2017. 4. Briefing documents provided to Minister Frances Fitzgerald relating to her appearance before the United Nations Human Rights Council in May 2016.",Part Grant,07/09/2017
156/031/2017,Journalist,"Please can you provide me with any records relating to this contact e.g. correspondence, meeting minutes (if there was a meeting), briefing notes, internal notes on drafting a response to the Licensed Vintner's Association, etc. https://www.lobbying.ie/return/12174/licensed-vintners-association",Granted,16/03/2017
156/033/2017,Journalist,A copy of the letter sent by the Dublin Solicitors Bar Association to Minister Fitzgerald regarding implementation of the Legal Services Act and also taxation of costs.,Granted,03/03/2017
156/034/2017,Journalist,"All records, including emails, letters, faxes, internal memos, internal correspondence, SMS texts, WhatsApp, consultants/experts reports, inspection reports and records, relating to expressions of interest for accommodation sought for Irish Refugee Protection Programme. All records, including emails, letters, faxes, internal memos, internal correspondence, SMS texts, WhatsApp, consultants/experts reports, inspection reports and records, relating to the awarding of contracts for Irish Refugee Protection Programme.",Refused,16/02/2017
156/038/2017,Journalist,Minutes of a meeting which took place in the fourth quarter of 2016 between a named company and the Minister for Justice concerning libel laws and VAT on newspapers.,Refused,31/03/2017
156/039/2017,Journalist,The number of complaints per direct provision centre to the Reception and Immigration Agency between January 2014 and 23 January 2017. Of each complaint: How many of the complaints were upheld and how many not upheld?,Part Grant,07/04/2017
156/040/2017,Journalist,Any correspondence / letters / emails / minutes of meetings between Minister Fitzgerald and executives of a named company from 1 June 2016 to 20 January 2017. Any correspondence / letters / emails / minutes of meetings between Minister Fitzgerald and legal / public affairs / public relations companies acting on behalf of a named company from 1 June 2016 to 20 January 2017.,Part Grant,03/03/2017
156/041/2017,Business/ Interest Groups,All records relating to the following entry on the Lobbying Register: https://www.lobbying.ie/return/13739/mason-hayes--curran The request includes but is not limited to the submission mentioned in the entry and minutes of the meeting mentioned.,Part Grant,16/03/2017
156/043/2017,Clients,The total number of student visas that relate to English language classes which were issued between 1 January 2009 and 31 December 2016. The total number of students given visas to study an English language course that are still resident in Ireland after the expiration of their visa for the period 1 January 2009 to 31 December 2016. The total number of persons who at any stage were detected by the Department of Justice as having breached the conditions of their visa for the period 1 January 2009 to 31 December 2016. The total number of English language school visa holders who became self-employed following their entry into Ireland for the period 1 January 2009 to 31 December 2016.,Refused,03/02/2017
156/046/2017,Journalist,Representations made by Government Ministers relating to criminal cases or prisoners to the Minister for Justice since 1 January 2016.,Part Grant,09/02/2017
156/047/2017,Journalist,Access to any minutes / correspondence arising out of the meeting between the American Chamber of Commerce and Minister Fitzgerald outlined in the following lobbying return: https://www.lobbying.ie/return/11950/american-chamber-of-commerce-ireland,Part Grant,16/03/2017
156/048/2017,Journalist,"I wish to request, under the Freedom of Information Act, access to the submission sent to Minister Fitzgerald by Mason Hayes Curran, as outlined in the following lobbying return: https://www.lobbying.ie/return/13739/mason-hayes--curran I also wish to request, under FOI, access to minutes of any meetings between a named company and Peter Mullan and/or Minister Fitzgerald. Please also include any correspondence / briefings / memos relating to the meeting or arising out of the meeting.",Part Grant,16/03/2017
156/050/2017,Journalist,"The list of every Garda station in all 26 counties, whether they have on site access to the Pulse system, and the number of Gardaí in each station, all in tabular form.",Granted,09/03/2017
156/052/2017,Journalist,"All memos, meeting minutes, correspondence and emails between the Department of Justice and the owners of a named hotel, Ballaghaderreen, between 1 January 2016 and 24 January 2017. All memos, meeting minutes, correspondence and emails between the Department of Justice and Roscommon County Council concerning the proposed Emergency Reception and Orientation Centre at a named hotel between 1 June 2016 and 24 January 2017.",Part Grant,20/03/2017
156/057/2017,Journalist,"1. A list of external legal practitioners paid in 2015 for services carried out on behalf of the Department, including the name of the practitioner, the sum paid and, where possible, a general description of the work carried out. 2. A list of external legal practitioners paid in 2016 for services carried out on behalf of the Department, including the name of the practitioner, the sum paid and, where possible, a general description of the work carried out.",Granted,31/03/2017
156/058/2017,Journalist,"All submissions and correspondence (including emails, letters) between the Department and other parties in relation to the scheme of the Judicial Appointments Commission Bill since publication on 6 December 2016 up to 26 January 17.",Part Grant,03/03/2017
156/067/2017,Journalist,The number of asylum seekers in direct provision centres awaiting decisions on their asylum application each year from 2000 and for this information to be provided per centre as well as overall.,Refused,09/02/2017
156/069/2017,Journalist,"All of the internal Department correspondence on the possibility of a second SAVI report, including any explorations of other studies, since January 2015.",Part Grant,11/04/2017
156/071/2017,Clients,Minutes of meetings of the Irish Refugee Protection Programme Taskforce from 1 September 2015 to 1 February 2017.,Part Grant,24/03/2017
156/073/2017,Clients,"Any electronic and written correspondence, briefing notes, memos and advice within the Department of Justice in relation to the Judicial Appointments Bill 2016 and any matters arising from that legislation.",Part Grant,10/03/2017
156/076/2017,Journalist,The amount of money spent by the State on Legal Aid for criminal cases between 1 January 2012 and 31 December 2016. Where possible this information should be presented itemised by month and year.,Part Grant,16/03/2017
156/077/2017,Journalist,"From 2010 to 2017, the amount of money in total per year the Department spends on: hairstyling, make-up, personal grooming and general cosmetic expenses. A monetary breakdown of each category mentioned, if possible. Does the Department have a beautician or make-up artist or hairdresser on staff, or on retainer? If so, how much do they get paid per year, for the above years?",Refused,28/02/2017
156/078/2017,Journalist,"A list of legal practitioners paid in 2015 and 2016 under the Criminal Legal Aid Scheme, Garda Station Legal Advice Revised Scheme, Legal Aid Custody Issues Scheme, Criminal Assets Bureau Ad Hoc Legal Aid Scheme, District Court Counsel Scheme. The list sought would include the name of the practitioner and the sums paid.",Part Grant,16/03/2017
156/079/2017,Journalist,Copies of all correspondence from the judiciary and memos of meetings with the judiciary on the topic of the Government's Judicial Appointments Bill and the Judicial Council Bill from January 2016 to 4 February 2017.,Part Grant,16/03/2017
156/082/2017,Journalist,The total cost of Criminal Legal Aid to the State between July 2013 and 7 February 2017 and the number of cases this encompassed.,Part Grant,16/03/2017
156/083/2017,Business/ Interest Groups,"Copies of all correspondence, communication, internal memos and policy papers relating to the Department of Justice Irish Naturalisation and Immigration Service (INIS) and the introduction of the new arrangements to apply to English language programmes from 1 October 2015. Copies of all correspondence and memos relating to the application by a named company to get on the ILEP list. All communications between the Department and a named company.",Part Grant,24/04/2017
156/085/2017,Journalist,"All correspondence and memos created from 2015 to 4 February 2017 relating to problems in the procedures and practices of investigators and investigations from the Office of the Director of Corporate Enforcement and attached Gardaí. Please include any memos created for the Minister/Secretary General on the issue and any correspondence with third parties, including other Government Departments, the Gardaí, and the DPP related to problems such as coaching witnesses or destroying evidence.",Refused,13/02/2017
156/086/2017,Journalist,A copy of the review into Irish gambling laws which was received by the Minister and Minister of State Stanton last Christmas.,Refused,28/02/2017
156/088/2017,Journalist,All correspondence between the Minister / Department of Justice staff and any other Minister / Departmental staff that addresses: where a shortfall of roughly circa €50m will be found arising from the Labour Court decision re Garda pay made late last year.,Part Grant,31/03/2017
156/089/2017,Journalist,"Any internal reports or briefing documents produced by the Department, either for internal use or for distribution to another Government Department, from May 2016 to 7 February 2017, in relation to the potential effects of the UK leaving the European Union.",Part Grant,23/03/2017
156/090/2017,Journalist,"Any internal reports and recommendations produced by the Department, as well as documents in relation to discussions, meetings, letters as well as emails between Secretary General’s Office and Minister’s Office as well as to and from Ministerial Advisors, and briefing notes produced by the Department, either for internal use or for distribution to another Government Department, from November 2016 to 7 February 2017, in relation to the potential effects of the election of Donald Trump as US president.",Refused,22/02/2017
156/095/2017,Oireachtas / Public Reps,Materials relating to the allegations of torture and waterboarding (though this phrase may not have been used) by the paratroop regiment of the British army in Belfast in 1972.,Refused,31/03/2017
156/098/2017,Journalist,"All correspondence between the Office of the Minister for Justice and a named retired judge of the High Court, between 1 October 2016 and 8 February 2017.",Part Grant,29/05/2017
156/102/2017,Journalist,"All correspondence between the Office of the Minister for Justice, and the Chief Justice between 1 July 2016 and 9 February 2017, on the subject of judicial appointments/vacancies and the capacity of the courts to deal with their judicial workload.",Refused,04/05/2017
156/103/2017,Journalist,The amount of public money spent on the distribution of legal aid certificates given out in Longford District and Circuit Court over the past 12 months.,Refused,07/03/2017
156/104/2017,Journalist,"Copies of any submissions received by the Department relating to the opening of pubs on Good Friday in the period 1 January 2016 to 12 February 2017. Copies of any submissions, recommendations, briefing, memoranda prepared for the Minister relating to the opening of pubs on Good Friday in the period 1 January 2016 to 12 February 2017.",Part Grant,04/05/2017
156/105/2017,Journalist,Any electronic and written correspondence (from 1 August 2013 until 9 February 2017) between the Department of Justice (at Principal Officer level and above and to any Ministerial Offices) and 1. An Garda Síochána 2. The Department of Children and Youth Affairs 3. Tusla – the Child and Family Agency With regard to a file containing false allegations of child sex abuse against a named person. Please also include within the scope of this request any internal Department of Justice correspondence on the matter within the above time frame.,Refused,11/04/2017
156/106/2017,Clients,"All correspondence relating to and details of all applications for or enquiries relating to admission to the Revised Civil Service Pension Scheme (Spouses and Children’s) or its equivalent since 1 January 2016 by anyone, who previously had declined to join the Revised Pension Scheme, which were received, considered, refused, authorized or approved by the Department of Justice and showing how the application or enquiry was dealt with.",Part Grant,09/03/2017
156/108/2017,Journalist,All documents held by the Department of Justice regarding a named Garda Sergeant between 1 January 2016 and 14 February 2017.,Refused,11/04/2017
156/109/2017,Others,1. Number of visa applications made by EU family members pursuant to Directive 2004/38/EC in 2016 at the Dublin Visa Office. 2. Number of visa applications processed in relation to EU family members pursuant to Directive 2004/38/EC in 2016 at the Dublin Visa Office. 3. Total number of visa applications made by EU family members pursuant to Directive 2004/38/EU still waiting to be processed. 4. Number of employees processing Directive 2004/38/EU visa applications.,Granted,08/03/2017
156/113/2017,Journalist,Agenda and minutes of any meetings at which the establishment/potential establishment of new EROCs is mentioned. All documents on the new expression of interest exercise which will commence in the coming weeks to identify potential properties capable of meeting EROC requirements. Agenda and minutes of any meetings at which any EROC shortlist of properties is mentioned.,Part Grant,11/07/2017
156/114/2017,Journalist,Copies of submissions on the Criminal Law (Sexual Offences) Bill 2015 to 15 February 2017 referring to written submissions on any aspect of the Bill relating to people with physical and/or intellectual disabilities and also references to people with diminished capacity in any way including but not limited to forms of dementia.,Part Grant,10/05/2017
156/115/2017,Journalist,"Information on the total expenditure by the Department in 2016 to suppliers for tea, coffee, sandwiches, biscuits/cakes.",Part Grant,26/04/2017
156/116/2017,Journalist,"How many instances of disciplinary action have been taken against staff of Direct Provision centres for forming inappropriate relationships with residents of the facilities since 2010. A breakdown of what the disciplinary action was, and what the employee’s current status is.",Refused,16/03/2017
156/123/2017,Journalist,"A list of external legal practitioners (solicitor’s/law firms and barristers) paid in 2015 for services carried out on behalf of the Irish Naturalisation and Immigration Service, including the name of the practitioner, the sum paid and, where possible, a general description of the work carried out. A list of external legal practitioners (solicitor’s/law firms/barristers) paid in 2016 for services carried out on behalf of the Irish Naturalisation and Immigration Service, including the name of the practitioner, the sum paid and, where possible, a general description of the work carried out.",Refused,30/03/2017
156/126/2017,Oireachtas / Public Reps,"All correspondence between the Minister and any other elected representatives, the Attorney General and her office an any other State employee conducted through the use of Gmail email.",Part Grant,05/05/2017
156/129/2017,Journalist,All records held by the Department of Justice & Equality relating to the An Grianán Training Centre in the context of the Magdalen Laundries Restorative Justice Ex Gratia Scheme. The request covers the period 1 January 2016 to 31 December 2016.,Refused,10/03/2017
156/130/2017,Journalist,"All documentation and written communications, including Ministerial communications, generated within the Department of Justice and Equality regarding the decision to disband the Commission for the Support of the Victims of Crime and the decision to transfer its duties to the Victims of Crime Office.",Granted,25/04/2017
156/131/2017,Others,"The following full documents (and drafts of the documents that were created, sometimes under a differing name). Proposal to establish the working group on the protection process and direct provision system.",Part Grant,31/03/2017
156/134/2017,Business/ Interest Groups,All records in relation to the cost to the State of maintaining individual persons in the witness protection programme. This is in respect of all such programmes operated by the State whether on an ad hoc basis or otherwise.,Refused,24/03/2017
156/135/2017,Journalist,1. Cost of operating St Patrick’s Centre including transport costs to Monaghan town. 2. 3 largest expenditures for the centre. 3. Number currently accommodated in the centre. 4. Capacity at the centre. 5. No of persons from St Patricks deported in 2016. 6. No of persons from St Patricks granted asylum in 2016.,Refused,26/05/2017
156/136/2017,Others,"The contract between Department of Justice and Equality and the company which operates the speed cameras in Ireland, specifically concerning the area as to who supervises the site to where they can park and the criteria.",Refused,03/03/2017
156/137/2017,Clients,"1. The number of each category of visa e.g. Short Stay Visa, Long Stay Visa etc. that were issued from each Visa office in the years 2014, 2015, 2016 and to 27 February 2017. 2. The average processing time for issuing each category of visa providing all necessary information is provided in each of those years. 3. The amount raised through the issuing of each category of visa in each of those years mentioned above. 4. The month and year which the fee for each category of visa was last increased or decreased in price to be issued.",Part Grant,31/03/2017
156/138/2017,Journalist,1. The final figures for 2016 which show how much was spent by the State in free legal aid. 2. A break down on how much was spent in drafting in solicitors and barristers. 3. The top ten most expensive cases which were paid by the State and which case it pertained to.,Part Grant,16/03/2017
156/141/2017,Journalist,"1. A numbered list of refugees granted asylum in Ireland in 2016 that arrived, or are believed to be, from the Republic of Syria. 2. The conditions on which the refugees mentioned above were granted asylum in the State of Ireland. 3. A list of people that arrived, or are believed to be from, Syria that were refused refugee status in Ireland (including subsidiary protection and 'Leave to Remain') in 2016. 4. Breakdown of classification stamps that were given to asylum seekers from Syria on their registration in the State.",Refused,30/03/2017
156/142/2017,Journalist,All records relating to the drafting of the speech given by Taoiseach Enda Kenny to the Dáil on 13 February 2013 (i.e. Magdalen apology) The request covers the period 1 December 2012 to 19 February 2013.,Refused,16/03/2017
156/144/2017,Journalist,"1. Records showing a breakdown of the names, nationalities and details of the investment of each person approved under the Immigrant Investor Programme. Please also provide details of any agency or promoter recorded as facilitating, organising or promoting each successful application. 2. Records or correspondence between the Independent Evaluation Committee and the Department about any problems, issues or trends relating to the programme, including correspondence relating to the decision to increase initially decrease and then restore the €1m investment threshold.",Refused,28/04/2017
156/151/2017,Journalist,Correspondence between the Department of Justice & Equality and the Commission of Investigation into Mother and Baby Homes from 1 October 2016 to 6 March 2017.,Refused,30/03/2017
156/152/2017,Business/ Interest Groups,1. Criteria and policy applied by the Evaluation Committee in considering applications for Immigrant Investor status. 2. Criteria and policy applied by the Department of Justice when considering applications from investment funds to become ‘Approved Funds'. 3. Applications approved for investment in residential housing under the immigrant investment programme. 4. Applications refused for investment in resident housing under the immigrant investor programme.,Part Grant,05/05/2017
156/153/2017,Business/ Interest Groups,A list of all Irish companies that have been approved to receive funds and / or have received funds in respect of any and all applications under the Start-Up Entrepreneur Programme approved by the Irish Naturalisation and Immigration Service in the period 1 September 2016 to 28 February 2017 and the aggregate amount approved for each such company.,Refused,05/05/2017
156/159/2017,Journalist,1. The nationality of the 273 applicants behind the 273 applications approved by the Government’s Immigrant Investor Programme last year. 2. The number of applications refused last year; the nationality of those refused and reason for refusal in sample cases. 3. The number of applications made last year and the nationality of the applicants. 4. Any internal reports in relation to the operation of the scheme from September of last year to 9 March 2017.,Part Grant,10/05/2017
156/160/2017,Journalist,All briefing documents on the implementation of the 2015 Working Group’s recommendation that the remits of the Ombudsman and the Ombudsman for Children should be extended to residents of Direct Provision centres. All documents that discuss this recommendation and its implementation since the beginning of 2016.,Part Grant,26/07/2017
156/163/2017,Journalist,"1. A list of the countries from where applicants to the Immigrant Investor Programme in 2016 come from, with the number of applicants listed with their corresponding country. 2. Copies of all correspondence (including letters, memos and emails) exchanged between IDA Ireland and the Irish Naturalisation and Immigration Service in relation to the Immigrant Investor Programme from 1 January 2016 to 1 March 2017.",Part Grant,04/05/2017
156/169/2017,Journalist,All documents submitted to the CJEU by Ireland in case C-398/15 Manni,Refused,15/05/2017
156/170/2017,Others,A list of all companies and the sectors of those companies that have been approved for the Immigrant Investor Programme from the date of its inception up to and including the latest approvals in 2017.,Part Grant,04/05/2017
156/171/2017,Journalist,"A breakdown on the costs for money spent by the Department in relation to asylum and immigration cases, in tabular form, including where applicable, the start and end date, the cost, and any other case details.",Part Grant,27/04/2017
156/172/2017,Journalist,"All correspondence between the Department and Protestant institutions regarding the process of redress with relation to abuse or alleged abuse in industrial schools, reformatories and other institutions subject to State regulation or inspection. The documents sought are those dated between 1999 and 2002. They should include any correspondence regarding the potential inclusion of or queries regarding the inclusion of institutions owned, run or administered by Protestant denomination institutions in a redress scheme for compensation.",Refused,30/03/2017
156/173/2017,Journalist,"To request details, under the Freedom of Information Act, of expressions of interest received to 14 March 2017 by the Department of Justice in relation to the Irish Refugee Protection Programme.",Refused,27/06/2017
156/176/2017,Business/ Interest Groups,"Copies of all records relating to information held by the Irish Naturalisation and Immigration Service (INIS) in the Department of Justice relating to two applications made by two people under the Immigrant Investment Programme (IIP) and submitted by a named company on 13 September 2016, both of which are connected with a named company, including all records (memos, notes on conversations whether telephone or other, emails and other written material, including copies of application evaluation / assessment sheets) whether generated internally in the Department of Justice or in correspondence with any and all external organisations and persons for the period 13 September 2016 and 16 March 2017.",Refused,04/05/2017
156/179/2017,Journalist,"The cost of the Tánaiste’s flights to and from the US (with an each-way breakdown if possible). The cost of the Tánaiste’s travel arrangements during her stay in the US. All other expenses pertaining to the Tánaiste’s visit, including for the presentation of shamrock to US delegates.",Granted,25/04/2017
156/180/2017,Journalist,"The cost of the Minister’s flights to and from Australia and Indonesia (with an each way breakdown if possible). The cost of the Minister’s accommodation during his stay in Australia and Indonesia. Any other costs for the Minister’s trip, including travel within Australia and Indonesia and the presentation of a bowl of shamrock, if possible.",Granted,16/05/2017
156/181/2017,Journalist,A copy of all records of representations made by Enda Kenny on behalf of constituents to the Minister for Justice in the period 9 March 2011 to 20 March 2017 and any replies (excluding acknowledgements of receipt of initial letter).,Refused,18/05/2017
156/182/2017,Journalist,All records of expenses incurred by the Minister and the Minister of State(s) on their St Patrick’s Day trip.,Granted,18/05/2017
156/184/2017,Journalist,"Records relating to how many people with addresses in Roscommon are on the sexual offender’s register, and the range of offences committed.",Refused,20/04/2017
156/185/2017,Journalist,Records of all lobbying by existing judges to the Minister of Justice seeking promotion or other different work conditions from 2011 to 23 March 2017.,Refused,14/09/2017
156/186/2017,Journalist,"All documents relating to the devising of the terms of reference of the tribunal recently established to investigate matters linked with An Garda Síochána and chaired by a named Judge. All documents relating to the creation of the terms of reference of the commission of investigation which was originally intended to investigate these matters, but was replaced by the tribunal.",Refused,13/04/2017
156/187/2017,Journalist,"Copies of all correspondence between the Department and members of the Judiciary, and between the Department and the Association of Judges of Ireland (AJI). Also, copies of any minutes retained of any meetings held with Judges or with the AJI. I would like to restrict my application to documents created in the period since 1 January 2016 to 27 March 2017.",Part Grant,24/05/2017
156/188/2017,Journalist,"All correspondence from members of the judiciary from the Supreme Court, Court of Appeal and High Court, as well as correspondence from the Association of Judges of Ireland, where that correspondence is concerned with the introduction of a new judicial appointments regime. I would also like to request copies of any minutes of meetings where the issue of the new appointments regime was discussed with judges from the Superior Courts or representatives of the Association of Judges of Ireland.",Part Grant,08/09/2017
156/190/2017,Journalist,Copies of all documents relating to the cost of the aborted 2015 trial of a named person who was accused of a number of offences under the 1990 Companies Act including failure to disclose information to the auditors of a named company.,Granted,22/06/2017
156/192/2017,Journalist,1. Records on the methodology used to award points to asylum seekers at Mosney. 2. Records that detail or discuss the relationship between points and the cost of food purchased at Mosney. 3. Records that discuss the independent review and oversight of prices set in the supermarket. 4. Records on the advantages / disadvantages of a points based system versus allowance.,Refused,26/05/2017
156/193/2017,Journalist,1. Copies of any reports produced between January 2015 and 27 March 2017 that discuss the establishment of a community court in Dublin. 2. Copies of any correspondence produced between January 2015 and 27 March 2017 between the Courts Service and the Department of Justice that relates to the establishment of a community court in Dublin.,Part Grant,28/06/2017
156/199/2017,Journalist,"Notes, minutes, preparatory briefings and follow up records pertaining to a meeting between the Secretary General and their UK permanent secretary counterparts on 5 / 6 October 2016.",Part Grant,27/04/2017
156/200/2017,Journalist,"1. All correspondence, since May 2016, between the Minister for Justice, Ms Frances Fitzgerald, T.D., and the Garda Commissioner, Ms Nóirín O’Sullivan, concerning the wrongful conviction of motorists arising from Fixed Charge Notices, and 2. All correspondence between the Minister and Garda Commissioner concerning the possible resignation of Nóirín O’Sullivan as head of An Garda Síochána.",Refused,08/06/2017
156/202/2017,Oireachtas / Public Reps,"A list of all the organisations in the State that applied for funding in 2016 from the European Integration Fund. Details of which organisations were successful, which had their applications rejected, and the points received by each respective organisation following the assessment process.",Refused,09/05/2017
156/203/2017,Journalist,A copy of the correspondence provided by An Garda Síochána to assist with the answering of Dáil PQs 9604/17; 9600/17; 9601/17; 9602/17; and 9605/17 on 28 February 2017,Refused,03/05/2017
156/204/2017,Journalist,1. Can you provide the name of each of the 70 persons who have died whilst in Direct Provision since 2002. 2. Can you tell me how many instances of self-harm have been reported in Direct Provision centres during those years? 3. Can you tell me how many persons in Direct Provision have been referred to mental health services?,Refused,26/05/2017
156/207/2017,Business/ Interest Groups,All records held by or on behalf of the Department of Justice concerning representations made to it relating to the Legal Services Regulation Act 2015 and the Legal Services Regulatory Authority.,Part Grant,05/07/2017
156/208/2017,Journalist,All correspondence between the Irish Security Industry Association and Minister for Justice Frances Fitzgerald in relation to the proposed Garda strike from September - December 2016. (as referred to on the lobbying register at this link - https://www.lobbying.ie/return/14637/irish-security-industry-association ) All correspondence between the Department of Justice's policing division and the Department of Public Expenditure regarding the proposed Garda strike from 1 October 2016 to 9 November 2016 .,Granted,23/05/2017
156/210/2017,Journalist,Briefing documents between RIA and Department of Justice relating to process on the points system at Mosney.,Refused,26/05/2017
156/211/2017,Others,Copies of all correspondence between Muintir na Tire and the Department of Justice covering all aspects of programmes funded by the Department of Justice and managed by Muintir na Tire from 17 November 2016 to 3 April 2017 including correspondence with other Government Departments or agencies.,Refused,17/05/2017
156/213/2017,Business/ Interest Groups,Full information and disclosure of the processes and decision making behind INIS's refusal of a named company's application to have programme included in the ILEP.,Granted,26/04/2017
156/216/2017,Journalist,All correspondence (internal and external) relating to the passing out ceremonies for An Garda Síochána scheduled for March 2016 and April 2017. Copies of any reports/memos compiled as a result of the changing of date of the ceremony. A record of any requests made by the Minister for Justice to change the date of the ceremonies in March 2016 and April 2017.,Part Grant,29/06/2017
156/221/2017,Clients,"1. INIS definition of continuous residency from policy documents. 2. The publication dates of documents containing the definition of continuous residency, document title, number of reference code. 3. INIS definition of continuous residency on its website. 4. What INIS policy document states there must be continuous residency to renew a stamp 4 GNIB card? 5. Procedures for putting notes of files of GNIB recipients, details of who may enter a note on the database / file. Is there a check, review, approve process for notes put on files of GNIB recipients. 6. If procedure exists for contacting GNIB recipients when a note is put on their file. 7. What is INIS process / procedure when a GNIB recipient is refused renewal at a Garda station outside Dublin, upon presentation by the GNIB recipient wherein the validity of the GNIB card and the applicable INIS criteria is satisfied? 8. As per INIS policy, must the decision to refuse the GNIB participant upon presentation at the Garda station as per the criteria above be made in writing and reasons for the refusal of renewal be made clear to the recipient 9. Is the policy of INIS to state their name and position when replying to email correspondence / queries / notifications? 10. Does INIS monitor through an automated system or through a paper based system the entry / exit dates to and from the State for GNIB recipients.",Granted,11/05/2017
156/225/2017,Journalist,"Correspondence in all formats between the Director of Public Prosecutions and the Office of Minister for Justice or the Department of Justice on the subject of the Domestic Violence Bill 2017, specifically on the topic of domestic violence being made a specific offence under the proposed law.",Refused,25/04/2017
156/226/2017,Journalist,"Correspondence (letters and emails) and representations received from either the United States of America Embassy in Ireland, or the US Department of Foreign Affairs in relation to the case, status, and release to the US Navy of an individual who is part of the US Navy, who was arrested by the Gardaí on 22 March 2017 in connection with an alleged sexual assault in Dublin. All correspondence (letters and emails) sent by the Department, including the Minister, in relation to the case specified, that was either within the Department, to other Irish authorities or Government Departments, or to US authorities or embassies. Any Departmental memos of understanding of briefings prepared on the incident outlined.",Part Grant,22/05/2017
156/227/2017,Business/ Interest Groups,"Any documentation, communications, circulars, policy papers or similar documentation which would establish the circumstances in which an employee of the Irish Naturalisation and Immigration Service (INIS) might request or gather information from the Department of Social Protection on an immigrants past, pending or current social welfare claims.",Granted,17/05/2017
156/233/2017,Journalist,"All documentation relating to performance related awards given to members of An Garda Síochána for the years 2003 to 2008 awarded by the Committee for Performance Awards (CPA), including the amount of the award in each case, the rank of the recipient of the award and the criteria for each individual award.",Refused,03/05/2017
156/235/2017,Oireachtas / Public Reps,"The formal concluding response from An Garda Síochána to the anonymous April 2014 letter from a Garda Reservist in the Western Region regarding the conduct of Mandatory Alcohol Checkpoints, which was sent to the Department of Justice in January 2015. The June 2016 correspondence from An Garda Síochána informing the Department that a national examination of MAT checkpoints was being undertaken in light of the issues raised in the 2015 examination of data in regard to MAT checkpoints in the Southern Region.",Refused,24/05/2017
156/236/2017,Journalist,"The following in tabular format: Records relating to payouts under the Garda (Compensation) Acts 1941 and 1945. Can you state how much was paid out by the State to members of the Gardaí and their dependents under the Garda (Compensation) Acts 1941 and 1945 in 2016, 2015, 2014 and 2013? Can you state what were the top ten awards made last year, in 2015 and 2014? Can you state what were the top ten awards made last year and the injuries suffered in each case? Can you state how many awards were made to members in 2016, 2015 and 2014?",Refused,23/05/2017
156/238/2017,Journalist,Copies of all correspondence (letters and emails) held by your Department that have been exchanged between the Irish Security Industry Association and/or its representatives and the Department of Justice and/or Justice Minister Frances Fitzgerald covering the dates 1 September 2016 to 31 March 2017.,Refused,16/05/2017
156/239/2017,Journalist,All correspondence between the Department and elected representatives regarding Government plans to introduce automatic disqualification for those caught drink driving. I am seeking details since the formation of the current minority led coalition last year.,Granted,30/05/2017
156/247/2017,Journalist,"All correspondence (i.e. memos, e-mails, hard copy letters, etc.), in relation to the Syrian resettlement programme, with Limerick City and County Council between 1 January 2017 and 20 April 2017",Part Grant,11/08/2017
156/249/2017,Journalist,Records of the following from 2014: Copies of any reports (electronic or hard copy) held by your Department on the operations of a named company in Ireland Copies of any submissions (electronic or hard copy) made to your Department about a named company by other government Departments or third bodies. Copies (electronic or hard copy) of any submissions made to your Department by a named company. A record of all contact between officials from your Department and a named company. Details of all representations made to your Department by a named company.,Part Grant,07/09/2017
156/260/2017,Journalist,Copies of any records held by your Department relating to the appearance or non-appearance of Minister Fitzgerald at the AGSI conference. To include copies of all correspondence between the Department and representative bodies relating to the above.,Granted,16/11/2017
156/261/2017,Others,"The following information emerging from the statement by the then UK and Irish Government Ministers responsible for immigration and asylum issues: A list of dates that meetings were held by the joint UK - Ireland Common Travel Area Forum since 20 December 2011 to 25 April 2017. A list of members, including former members, of the Forum since 20 December 2011. Any founding document (included any amendments) as regards the functions/purposes of the UK-Ireland Common Travel Area Forum, and any of its Operational and Policy Sub-Groups created/modified etc. since 20 December 2011 (excluding the 20 December statement by Minister Green and Minister Shatter). The names and membership lists of any Operational and Policy sub-groups created under the auspices of the UK-Ireland Common Travel Area Forum since 20th December 2011. The agendas, minutes and papers for all meetings held of the UK-Ireland Common Travel Area Forum, including the Operational and Policy sub-groups, since 20 December 2011.",Part Grant,28/06/2017
156/263/2017,Journalist,All reports commissioned in relation to the Gambling Control Bill 2013.,Granted,03/05/2017
156/265/2017,Journalist,"Correspondence, including but not limited to emails, letters, text messages, memos, briefing documents, reports and draft reports to and from the Minister's Office about prisoners absconding from the custody of the Irish Prison Service and An Garda Síochána between 1 January 2016 and 27 April 2017.",Part Grant,15/09/2017
156/269/2017,Business/ Interest Groups,"All internal memos, policy documents, minutes, correspondence, and any other records concerning the categories of persons to whom the residence permission Stamp 3 should be given from 2015 to 28 April 2017.",Part Grant,31/05/2017
156/276/2017,Journalist,"The number of Department of Justice staff by grade currently in each Irish Embassy which has a Visa section for the years 2013, 2014, 2015, 2016 and to 4 May in 2017.",Granted,13/06/2017
156/277/2017,Journalist,Records showing the nationalities of all of the EU citizens given exclusion orders each year under directive 2004/38/EC since 2013.,Granted,08/06/2017
156/283/2017,Oireachtas / Public Reps,"All correspondences between former Justice Minister Alan Shatter, current Justice Minister Frances Fitzgerald, and a named company in relation to the Gambling Control Bill.",Refused,08/06/2017
156/284/2017,Oireachtas / Public Reps,"All correspondences between former Justice Minister Alan Shatter, current Justice Minister Frances Fitzgerald, and a named organisation in relation to the Gambling Control Bill.",Refused,09/06/2017
156/285/2017,Oireachtas / Public Reps,All briefings or updates presented to the Minister or her officials regarding the Mortgages Special Court Bill/Courts (Mortgage Arrears) Bill since May 2016.,Refused,29/06/2017
156/287/2017,Business/ Interest Groups,All information in relation to an article published in the Galway Independent 22 March 2017 ‘No criminal investigation into Tuam Home'. I request all correspondence between your Department and the Galway Independent in the matter. All correspondence either written or held on computer or in any other format prior to and after the publication of the article held by your Department.,Granted,24/05/2017
156/291/2017,Journalist,Copies of correspondence between the Parole Board and the Department of Justice regarding publication of their annual report this year. Correspondence between the two bodies regarding proposals to provide priority housing for life sentence prisoners released from jail.,Part Grant,28/06/2017
156/307/2017,Journalist,"Details of any gym, fitness or wellbeing facilities on or off site, used by staff of the Department? Can you confirm whether the Department refunds staff for gym membership subscriptions? If so, what is the yearly cost of this and how many staff avail of it? Does the Department fund other wellbeing activates for staff such as yoga classes, mindfulness or meditation? Can you please provide details of what these activities are and the yearly cost of them.",Refused,25/05/2017
156/308/2017,Journalist,A copy of the report produced by the working group set up by the Firearms Consultative Panel of the Department of Justice and Equality regarding best practice guidelines on the issue of shooting and hunting at night.,Refused,15/06/2017
156/309/2017,Journalist,"All budget and spending records which relate to the EROC refugee reception centre in Ballaghaderreen, Co. Roscommon A breakdown of the total amount spent by the Department of Justice on resettling the refugees in Ballaghaderreen, including how much has been spent on what.",Refused,01/09/2017
156/311/2017,Journalist,"All records and correspondence, including emails, notes, memos, documents and presentations, relating to meetings held between Noel Waters, Secretary General of the Department of Justice, and a named company and/or its representatives including a named person, between the dates 2 January 2017 and 19 May 2017.",Part Grant,31/08/2017
156/312/2017,Others,"The total amount of legal aid paid for each of the Circuit and District courts in counties Roscommon, Leitrim and Longford in (a) 2016 and (b) 2017 – broken down by each court, along with the highest individual payment in connection with a case in each court in each year.",Granted,22/06/2017
156/316/2017,Others,"Records and documents dealing with the negotiations between Minister Frances Fitzgerald, then Minister of State for Equality Aodhán Ó Ríordáin and then Minister for Social Protection Joan Burton concerning the introduction of paid Paternity Leave.",Refused,23/06/2017
156/319/2017,Journalist,"Any minutes / briefings / memos related to the meetings as outlined in the following lobbying return between Google, Ministers Naughton, Fitzgerald and Suzanne Coogan and Ross Elwood. https://www.lobbying.ie/return/17903/google-ireland-limited",Refused,12/07/2017
156/320/2017,Journalist,"I wish to request, under the Freedom of Information Act, access to any minutes / briefings / memos relating to the meeting between Facebook and Minister Fitzgerald / Peter Mullan as outlined in the following lobbying return. https://www.lobbying.ie/return/16858/facebook-ireland-limited",Part Grant,05/07/2017
156/326/2017,Journalist,"A breakdown of all incidents/disturbances at the new refugee reception centre in Ballaghaderreen, Co. Roscommon since it opened. The number of incidents, disturbances or confrontations. The number of times Gardaí were called. Dates and times of each incident. Descriptions of each incident. Any incident report forms generated by staff. Any corrective measures or responses implemented.",Refused,27/06/2017
156/327/2017,Journalist,All documents/reports/minutes of meetings/briefing materials/emails/letters/correspondence between the Minister for Justice and the Insolvency Service of Ireland from 1 January 2016 to 30 May 2017.,Granted,16/08/2017
156/328/2017,Journalist,"1. The number of AP2s in the Department. 2. The number of AP1s in the Department. 3. The number of AP1s in the Department who are assigned to designated posts. 4. The number of AP1s in the Department who are assigned extra work over and above AP2s to justify the extra remuneration they received over and above AP2s. 5. The number of AP1s who are also in receipt of an upgrade payment under the 1% PCW Allowance. 6. The rules, regulations and method of appointment of AP1s in the Department.",Granted,21/06/2017
156/334/2017,Journalist,All submissions received as part of the consultation into Data Protection safeguards for children - digital age of consent.,Refused,30/06/2017
156/336/2017,Journalist,1. A copy of the letter written to the Tánaiste and Minister for Justice on 26 January 2016 by a named person in which they declined a nomination to become a District Court Judge. 2. Any other correspondence between the Department/Minister relating to the proposed appointment of a named person as a judge either before or after 26 January 2016. 3. Any correspondence between the Department/Minister and the Judicial Appointments Advisory Board relating to candidates put forward by the Board for judicial positions announced in 2015.,Part Grant,20/09/2017
156/339/2017,Journalist,The following statistics regarding residents in the direct provision accommodation system in the last 10 years: 1. How many people died while resident in direct provision? 2. What age were they when they died? 3. What was the cause of their death?,Part Grant,12/07/2017
156/342/2017,Journalist,Copies of all correspondence to/from each member of the Commission on the Future of Policing in Ireland.,Part Grant,20/12/2017
156/343/2017,Others,"Copies of any correspondence sent or received by the Department of Justice or the Minister for Justice in relation to the nomination and subsequent appointment of a named person as a Peace Commissioner on 22 May 2017, as well as any internal reports or memoranda produced by the Department in respect of same.",Refused,11/07/2017
156/356/2017,Business/ Interest Groups,"All agreements, memoranda of understanding and / or other arrangements with foreign countries concerning the sharing between Ireland and any other country, or international institution, of foreign-intelligence surveillance data. All policies, guidelines, opinions, reports and memoranda concerning: The circumstances in which Ireland may share foreign-intelligence surveillance data with another country. Any limitations on the sharing of foreign-intelligence surveillance data with other countries. The circumstances in which Ireland may request or otherwise acquire from another country electronic-surveillance data. Any limitations on the acquisition (whether by request or otherwise) of electronic-surveillance data from another country. Any limitations on Ireland's retention, use, or dissemination of electronic-surveillance data requested or otherwise acquired from another country, including the use of such data or data derived from it in civil, criminal, administrative, or other proceedings. The circumstances, if any, in which Ireland may request or otherwise acquire electronic-surveillance data from another country.",Refused,11/08/2017
156/362/2017,Others,"All documents or records, whether in written, printed, or electronic form, held or created in relation to: 1. The amalgamation of coronial districts. 2. The appointment of coroners including deputy coroners. 3. Any consultation with the local authority concerning a vacancy in the office of coroner in a coronial district. 4. Directions issued by the Minister for Justice under Section 7 of the Coroners Act, 1962 as amended and inserted by Section 32 of the Civil Law (Miscellaneous Provisions) Act, 2011 within the last six years.",Part Grant,19/09/2017
156/364/2017,Oireachtas / Public Reps,Any electronic and written correspondence (from 1 January 2017 until 13 June 2017) between the Department of Justice (at Assistant Secretary level and above and to any Ministerial Offices) and the Judicial Appointments Advisory Board with regard to the replacement of Mr Justice Garrett Sheehan on the Court of Appeal and the appointment of Ms Máire Whelan to the Court of Appeal.,Refused,11/07/2017
156/365/2017,Business/ Interest Groups,"Directions or other instructions provided to INIS and other staff employed at the Burgh Quay Registration Office, relating to: Extensions of a temporary Stamp 4 permission for persons who have a pending EU Treaty Rights application for which a decision has been delayed, specifically: Is there a specific timeframe in which people must apply for an extension (e.g. 2 weeks before expiration, one month before expiration, etc.) Is there a limit in how many times an extension will be granted (i.e. if an extension is granted and at the expiration of that extension a decision has still not been made by EU Treaty Rights, will another extension be granted?) If no further extension is permitted, what considerations were taken by the Minister or their designees in determining if these instructions are in compliance with the EU Directive 2004/38/EC and European Court of Justice case law permitting individuals to remain in the State until such time as a decision on their application is reached?",Part Grant,04/08/2017
156/368/2017,Journalist,Any documents relating to the EU Presidency questionnaire regarding encryption which was circulated on 20 September 2016 (such as draft answers) as well as the response itself.,Part Grant,22/09/2017
156/375/2017,Business/ Interest Groups,"Information held by the Department regarding access to communications or other user data held by technology firms with offices in Ireland. Specifically, information regarding: Domestic access (the law and procedures whereby Irish authorities can access information from entities who have an Irish presence). Outbound mutual legal assistance requests (requests by Irish authorities using the MLA process to seek information through the United States, notwithstanding that the firm has an Irish presence). Inbound mutual legal assistance requests (requests by foreign authorities in respect of information held by technology firms with an Irish presence).",Part Grant,25/09/2017
156/376/2017,Business/ Interest Groups,The files relating to the drafting and passing of the Criminal Justice (Offences Relating to Information Systems) Bill 2016 / Act 2017.,Part Grant,29/08/2017
156/379/2017,Journalist,"Copies of any compliance reviews of direct provision centres in the calendar years 2014, 2015, 2016 and 2017.",Refused,29/08/2017
156/381/2017,Journalist,1. All correspondence (electronic or hard copy via post) between the Department of Justice and members of the public and/or politicians about marriage equality between 22 May 2015 and 22 June 2015. 2. Any correspondence (electronic or hard copy via post) between the Department of Justice and Arlene Foster or any other members of the Democratic Unionist Party about marriage equality between 22 May 2015 and 22 June 2015.,Part Grant,06/09/2017
156/384/2017,Staff,"Any records held by the Department of Justice in relation to the following matters: 1. Agreed reports of the Departmental Council from 1 January 1996 - 31 December 2003. 2. Reports of the Staff Panel meetings from 1 January 1996 - 31 December 2003. 3. Partnership reports from 1 January 1996 - 31 December 2003. 4. Discussions between management and trade unions representing staff on the transition from the Department of Justice to the Courts Service from 1 January 1996 - 31 December 2003. 5. Upgradings/promotions/allowances offered to staff who were members of the CPSU, PSEU, IMPACT and AHCPS between 1 January 1996 - 31 December 2003 (and who migrated from the Department of Justice to the Courts Service) on the basis of seniority. 6. Upgradings/promotions and allowances offered to staff represented by CPSU, PSEU, IMPACT and AHCPS between 1 January 1996 to 31 December 2003 (and who migrated from the Department of Justice to the Courts Service) following interview/examination/competition (internal and external). 7. The number, names and grades of staff promoted, upgraded and granted allowances from the 1 January 1996 to 31 December 2003 (and who migrated from the Department of Justice to the Courts Service) on the basis of seniority. 8. The number, names and grades of staff promoted, upgraded and granted allowances from 1 January 1996 to 31 December 2003 (and who migrated from the Department of Justice to the Courts Service) following interview/examination/competition (internal and external) 9. The number, names and grades of staff promoted, upgraded and granted allowances from 1 January 1996 to 31 December 2003 (and who migrated from the Department of Justice to the Courts Service) who remained in situ in their then current posts.",Part Grant,21/07/2017
156/391/2017,Journalist,Copies of any correspondence received by the Department/Minister from former Gardaí in relation to a named person and any responses sent by the Department from 2016 to 24 June 2017.,Part Grant,14/09/2017
156/392/2017,Journalist,A copy of the briefing material supplied to Minister Charlie Flanagan upon his appointment as Minister for Justice.,Part Grant,06/07/2017
156/397/2017,Journalist,A copy of all correspondence to/from Garda executive director of finance and the policing division of the Department of Justice between 1 January 2010 and 31 December 2010. A copy of all correspondence to/from Garda executive director of finance and the policing division of the Department of Justice between 1 January 2017 and 26 June 2017. The subject of the correspondence can be limited to items relating to taxation matters.,Refused,14/09/2017
156/400/2017,Journalist,"1. The amount that the Department of Justice paid each external company that provide direct provision accommodation in the years 2014, 2015, 2016 and to-date in 2017. 2. The dates where officials from the Department met with officials from each company that provides the accommodation to discuss performance issues and other issues; Also any minutes of such meeting and the names and grade of Departmental staff that were present at each meeting; If no minutes of such meeting were taken, why was that. 3. When the contract is due to expiry with each company that provides accommodation for direct provision personnel. 4. The names and grades of staff within the Department that are in charge of Direct Provision service.. 5. The robust steps that the Department of Justice are taken to ensure any costs incurred are best value for the Exchequer.",Part Grant,24/10/2017
156/403/2017,Journalist,"A copy of all agendas, minutes and working papers for the DNA Database Implementation Group, in 2016 and 2017 to 28 June.",Part Grant,27/07/2017
156/404/2017,Business/ Interest Groups,"Records held by the Department in relation to the correspondence which would have passed between the Law Society of Ireland and the then Ministers for Justice John O'Donoghue TD and Michael McDowell TD, respectively, and/or the Department of Justice in 1997 and 2005 in relation to the promulgation of the below two statutory instruments, which created the Office of the Independent Adjudicator of the Law Society, by the Law Society of Ireland, under section 71 of the Solicitors Act 1954, instead of by the relevant Minister for Justice under section 15(1) of the Solicitors (Amendment) Act 1994: 1. Solicitors (Adjudicator) Regulations 1997 (SI No. 406 of 1997). 2. Solicitors (Adjudicator) (Amendment) Regulations 2005 (SI No. 720 of 2005)",Part Grant,18/08/2017
156/405/2017,Journalist,"Copies of accounts or other records detailing the income and expenditure of COSC, The National Office for the Prevention of Domestic, Sexual and Gender-based Violence for the years 2015 and 2016; to include expenditure under various headings, the number of employees, etc.",Granted,23/08/2017
156/406/2017,Business/ Interest Groups,Did anyone from the Northern Ireland Executive request the Irish Government prevent same sex couples from the North marrying in the Republic after the passage of the 2015 Marriage Referendum? If there is any correspondence please release it.,Refused,24/07/2017
156/408/2017,Journalist,"A copy of a formal complaint received by the Department recently, purporting to come from a member of a named organisation.",Refused,06/07/2017
156/411/2017,Business/ Interest Groups,"Copies of all briefing materials, memos, minutes, draft and final proposals, and any other intra-Departmental correspondence concerning the proposal to criminalise the purchase of sexual services, from May 2014 to November 2014 inclusive.",Part Grant,19/09/2017
156/413/2017,Clients,The appointments diary of former Minister of Justice Frances Fitzgerald from 1 January 2017 to the end of her tenure as Minister in June.,Part Grant,31/07/2017
156/417/2017,Business/ Interest Groups,"Copies of all internal memos, policy documents, minutes, correspondence, and any other records concerning: The issuing of Irish Temporary / Exceptional Travel Documents to non-nationals residing in the State and The issuing of Irish Temporary / Exceptional Travel Documents to non-nationals who reside outside the State (such as family members of a Refugee/person with Subsidiary Protection status in respect of whom a family reunification application has been approved).",Part Grant,22/11/2017
156/422/2017,Business/ Interest Groups,"All documentation relating to the site of the former Mother and Baby Home Tuam between the Department of Justice, the Office of the State Pathologist and the Coroners Service and the Coroner for the area and all documentation relating to contact between the foregoing and the Department of An Taoiseach and the Department of Children and Youth Affairs, the Registrar General. And all employees, servants or agents of the foregoing to include all correspondence, memos, circulars, e-mails, whether sent by way of official e-mail accounts or not, records of phone calls and however stored whether in hard copy or otherwise, which relate to the Tuam site generally and the discovery of human remains there in particular and touching on any matter of public policy published or otherwise in respect of the Tuam site.",Refused,24/08/2017
156/426/2017,Journalist,All correspondence between Insurance Ireland and the Department of Justice relating to Periodic Payment Orders. October 2010 – 6 July 2017. Copies of notes of any meetings between representatives of Insurance Ireland and the Department relating to Periodic Payment Orders. October 2010 – 6 July 2017. Copies of any brief documents provided to the Minister ahead of such meetings.,Granted,07/09/2017
156/427/2017,Business/ Interest Groups,A list of all Irish companies that have been approved to receive funds and / or have received funds in respect of any and all applications under the Immigration Investment Programme and / or the Start-Up Entrepreneur Programme approved by the Irish Naturalisation and Immigration Service in the period 1 January 2016 to 30 June 2017 and the aggregate amount approved for each such company.,Refused,21/08/2017
156/431/2017,Business/ Interest Groups,1. The sick leave records for the Department of Justice for years 2015 and 2016. 2. A total of the number of days staff were absent from work due to illness. 3. The total number of people that were missing for years 2015 & 2016 in total.,Granted,15/09/2017
156/437/2017,Journalist,"Transcripts, notes or memos from meetings or phone calls held between representatives from a named company and the Minister for Justice and/or Departmental officials to do with proposed changes to surveillance legislation. The timeframe for this request covers the period from 1 September 2015 to 11 July 2017. Transcripts, notes or memos from meetings or phone calls held between representatives from a named company and the Minister for Justice and/or Departmental officials to do with proposed changes to surveillance legislation. Same timeframe as above.",Part Grant,18/09/2017
156/438/2017,Journalist,All documents concerning the cost of the trial of a named person who was acquitted in relation to a number of charges under the 1990 Companies Act concerning the alleged failure to make certain disclosures to the auditors of a named company. I would like costs incurred in the period since 2 June 2015 when a previous trial collapsed.,Granted,14/09/2017
156/445/2017,Business/ Interest Groups,"1. Documentation and information relating to all efforts and attempts made by this State through the office of the Minister for Justice or otherwise, to set up, establish and/ or put in place a panel of nominated registered medical practitioners pursuant to Section 23(3) of the International Protection Act 2015. 2. Documentation and information, including any list which has been complied in respect of a panel of nominated registered medical practitioners pursuant to Section 23(3) of the International Protection Act 2015. 3. Documentation and information relating to the selection and appointment process of nominated registered medical practitioners included on the panel established pursuant to Section 23 (3) of the International Protection Act 2015. 4. Documentation and information in relation to the system and/or process in place for the determination, by the Minister and/or International Protection Officer, of matters falling within and/or potentially falling within Section 23(1) of the International Protection Act 2015.",Granted,06/10/2017
156/446/2017,Business/ Interest Groups,"1. All records comprising, setting out, or describing your decision or that of the Irish Naturalisation and Immigration Service (INIS) whereby the latter is no longer providing status updates to Immigration Consultants. 2. All records comprising, setting out or describing those Non-Government Organisations, acting for third country nationals, to whom you or INIS are prepared to provide status updates regarding applications made on behalf of those nationals.",Part Grant,12/09/2017
156/451/2017,Journalist,"1. Details of any purchases of computer equipment, mobile equipment, tablets, laptops, any mobile or computer accessories, any electrical equipment or appliances on behalf of any officeholder, Minister or Minister of State at your Department in period between 1 May 2017 and 12 July 2017. 2. Copies of any requests for additional office space, furniture, decoration or paintings by any officeholder, Minister or Minister of State at your Department in the period as outlined above. 3. Copies of the response that issued in any such instance. 4. Copies of any receipts or invoices associated with the above.",Granted,21/09/2017
156/453/2017,Journalist,All correspondence received from members of the judiciary (including from the Association of Judges of Ireland) and memos of any meetings with same concerning the Judicial Council Bill and/or the Judicial Appointments Commission Bill between March 2016 and 18 July 2017.,Part Grant,20/10/2017
156/458/2017,Journalist,"A record of all correspondence, letters, emails, briefing documents, phone calls, meetings between (i) the Minister/Minister's Office and (ii) Minister of State David Stanton/Minister of State's Office and representatives and lobbyists from and on behalf of the drinks industry in Ireland in relation to: the Public Health (Alcohol) Bill; sale and supply of intoxicating liquor on Good Friday; and tax and excise duty on intoxicating liquor.",Part Grant,16/11/2017
156/460/2017,Business/ Interest Groups,1. All documentation and information relating to which body is considered the body exercising the discretion under Article 17(1) of the Regulation (EU) No. 604/2013 ('Dublin III Regulation'). 2. All documentation and information concerning who exercises the discretion under Article 17(1) of the Dublin III Regulation. 3. All documentation and information in relation to whether Article 17 discretion has ever been exercised within this State. 4. All documentation and information in relation to any system and / or mechanism which has been put in place in this State to permit the State to exercise its discretion under Article 17(1). 5. All documentation and information in relation to any publication or notification to applicants of the system and / or mechanism through which the Article 17(1) discretion is or is to be exercised.,Part Grant,15/09/2017
156/464/2017,Journalist,"1. Data on the number of men/women who have been deported from Irish airports upon arrival (without leaving the airport) from 2014-2017. 2. Data on the number of men/women who were detained and incarcerated in Irish prisons/police stations after arriving in Ireland and before being deported between 2014-2017. 3. How long on average do these people spend in prison before being deported? 4. A breakdown of the nationality, gender and age-group of these groups (both those deported immediately without leaving the airport and those who were imprisoned before deportation).",Part Grant,21/09/2017
156/472/2017,Others,"All inspection reports that the Department of Justice has in its possession about a named hotel in Ballaghaderreen, Co. Roscommon and all correspondence between Roscommon’s Chief Fire Officer and the Department in relation to the Centre since the beginning of last year.",Part Grant,19/09/2017
156/477/2017,Journalist,The minutes of the Firearms Consultative Panel Night Shooting Safety Working Group from its meeting of Tuesday 25 July 2017 along with any documents submitted by the attendees in regard to the meeting.,Refused,28/08/2017
156/482/2017,Others,"Total expenditure for services provided by Financial Shared Services to the Department of Justice for the years ending 31 December 2012, 31 December 2013 and 31 December 2014 respectively.",Granted,11/09/2017
156/483/2017,Journalist,"A copy of all submissions made on the age of digital consent in response to the public consultation process set up by the Department of Justice, which had a deadline of 2 December 2016.",Refused,28/08/2017
156/487/2017,Journalist,"All correspondence between the Department of Justice and Dublin Airport Authority about the development of a dedicated immigration unit at Dublin Airport, between 1 February 2017 and 31 July 2017. All correspondence between the Department of Justice and the Brazilian Embassy in Ireland between 1 June 2017 and 31 July 2017.",Part Grant,06/09/2017
156/488/2017,Journalist,Copies of any records relating to a request by the Garda Commissioner for annual leave this summer held by your Department.,Refused,18/09/2017
156/493/2017,Journalist,A copy of the Department response to the request by the Bar Council and the Law Society seeking an increase in rates of pay for lawyers under the Criminal Legal Aid scheme. Any correspondence between the Department and other Government Departments on the Bar Council’s and Law Society’s request for an increase in rates in criminal legal aid. Any correspondence between the Department and the Bar Council and Law Society on their request for an increase in rates in criminal legal aid.,Granted,27/09/2017
156/494/2017,Business/ Interest Groups,1. All records held by the Department of Justice in relation to records related to the Sisters of Mercy Magdalen Convent held by the Galway Diocesan Archive. This request covers the period from January 2009 to 7 August 2017. 2. All records held by the Department of Justice’s Magdalen Scheme Implementation Team in relation to records related to the Sisters of Mercy Magdalen Convent held by the Galway Diocesan Archive. This request covers the period from January 2009 to 7 August 2017. 3. All records held by the Department of Justice in relation to the McAleese Committee’s investigation of records related to the Sisters of Mercy Galway Magdalen Convent held by the Galway Diocesan Archive. This request covers the period from June 2011 to 7 August 2017. 4. All records held by the Department of Justice in relation to the McAleese Committee’s investigation of records held at all other diocesan archives. This request covers the period from June 2011 to 7 August 2017.,Part Grant,29/09/2017
156/498/2017,Journalist,All correspondence from 2016 onwards between the Minister for Justice and other parties relating to the Intoxicating Liquor (Breweries and Distilleries) Bill 2016.,Part Grant,14/09/2017
156/499/2017,Journalist,A copy of the named report on the accessing of journalists' phone records.,Refused,28/09/2017
156/502/2017,Journalist,"1. Copies of all correspondence between your Department and An Garda Síochána relating to the provision of a report to the Minister on false breath tests and errors in statistics. 2. Copies of all records – to include emails, memos, letters, handwritten notes, submissions, faxes, etc. – relating to the delay in providing this report to Minister Flanagan.",Part Grant,20/10/2017
156/506/2017,Others,"1. Contract between the State and a named company. 2. Copy of response to tender by a named company. 3. Copy of all other information in your possession and specifically Guidelines for Monitoring Location Selection or any document relevant to that query, otherwise referred to as Standing Operating Procedures (SOPs).",Part Grant,12/10/2017
156/507/2017,Journalist,"1. How much has the Department spent on social media in 2016 and 2017? Is there a breakdown of that spend available? 2. How much was spent on boosting posts on social media in 2016 and 2017? 3. Does the Department have a social media team? If so, how many people are on it and how much do they cost the Department per year? 4. How much has the Department spent on photography or videos making costs in 2016 and 2017? Is there a breakdown of that spend available? 5. How much money has the Department spent on advertising (print, radio, TV or online) in 2016 and 2017? Is there a breakdown of that spend available?",Granted,25/10/2017
156/509/2017,Journalist,"The amount in monetary terms of legal aid accounted for by the taxpayer at Longford District and Circuit Court sittings in 2015, 2016 and for first half of this year. The amount of legal aid accounted for by the taxpayer in respect of legal aid in monetary terms which arose from the conviction of a named person.",Granted,15/09/2017
156/512/2017,Journalist,The following information in relation to direct provision accommodation in Athlone and Longford: 1. How many people are currently staying in each of the centres? 2. What is the longest time that one individual has been residing in each of the centres? 3. How much money does each of the individuals in each of the centres receive per week? 4. How many staff are employed in each of the centres? 5. How much did it cost to run each centre in 2016 and what is the allocated budget for each centre in 2017? 6. A copy of all complaints made by those living in each centre in 2016 and 2017.,Part Grant,02/10/2017
156/513/2017,Others,"Does the Department of Justice and Equality send files on you to MI5, the British Secret Service? Does the Department of Justice and Equality send files on you to the CIA, the American Secret Service, and if so why?",Refused,04/09/2017
156/514/2017,Journalist,All Departmental correspondence and records relating to the possibility of a second SAVI report for the last year.,Part Grant,02/10/2017
156/527/2017,Journalist,"The number of sex offenders on release who are obliged to provide local Gardaí with their address, and to notify them when they are moving.",Refused,14/09/2017
156/530/2017,Business/ Interest Groups,1. The number of applications made for leave to remain in each of the years from 2006-2017. 2. The numbers of grants of leave to remain in each of the years from 2006-2017. 3. The number of deportation orders made in each of the years from 2006-2017.,Granted,20/10/2017
156/533/2017,Journalist,"1. All information that is held by the Irish Refugee Protection Program (IRPP) and obtainable under Freedom of Information regarding prostitution at (or involving residents within) the new refugee reception centre in Ballaghaderreen, Co. Roscommon. My request extends to correspondence that may exist between the IRPP and women's aid organisations. 2. In addition, any available documentation on disturbances at the centre in Ballaghaderreen since 29 May 2017.",Refused,12/09/2017
156/535/2017,Journalist,"The number of residents in Direct Provision who have died by suicide since the direct provision system was established, broken down by centre. The number of residents in Direct Provision who have been diagnosed with a mental illness since the direct provision system was established, broken down by centre and type of illness.",Refused,27/09/2017
156/538/2017,Journalist,"All records (including notes, memoranda, correspondence, emails, of contacts, diaries, briefing material, background papers, letters) held by the Department relating to the drafting of the terms of reference for the Disclosures Tribunal, dating from 31 July 2016 to 29 August 2017.",Refused,26/06/2017
156/539/2017,Others,"1. The number of staff employed by Financial Shared Services at 31 December 2012, 31 December 2013, 31 December 2014 and 31 December 2015 respectively. 2. The number of staff transferred from the Department of Justice Financial Shared Services to the Payroll Shared Service Centre (PSSC) of the Department of Public Expenditure and Reform for the years ending 31 December 2014, 31 December 2015 and 31 December 2016, respectively.",Granted,05/12/2017
156/540/2017,Others,The following documents covering the period of 1 January 2016 to 25 August 2017: 1. Records and available copies of any submissions or correspondence from the Central Bank of Ireland and other interested parties regarding the Immigrant Investor Programme. 2. Records and minutes of any meetings regarding the Immigrant Investor Programme. 3. Any and all briefing papers or internal memos regarding the Immigrant Investor Programme.,Refused,06/10/2017
156/541/2017,Journalist,Correspondence to and from the Department of Justice on the Judicial Council Bill from 2015 to30 August 2017.,Part Grant,25/10/2017
156/544/2017,Others,All documents arising from any enquiries by the Department of Justice to the Equality Tribunal or the Workplace Relations Commission in connection with information related to wrongdoing by the Equality Tribunal in relation to case No DEC –E2012-037.,Refused,01/11/2017
156/546/2017,Journalist,All documents arising from any enquiries by the Department of Justice to the Equality Tribunal or the Workplace Relations Commission in connection with information related to wrongdoing by the Equality Tribunal in relation to a provided case.,Part Grant,01/11/2017
156/547/2017,Journalist,Copies of all minutes and reports created for and by the 'Evaluation Committee' of the Immigrant Investor Programme managed by the Irish Naturalisation and Immigration Service within the Department of Justice over the period 1 January 2016 to 31 August 2017.,Refused,05/10/2017
156/548/2017,Journalist,Copies of all correspondence between An Garda Síochána and the Department of Justice regarding the preparation and publication of the report into incorrect breath test figures and the report into wrongfully issued summonses.,Part Grant,20/10/2017
156/550/2017,Others,"1. Details of any communications, oral or hard copy, between the Attorney General and the Department of Justice relating to the conflict between Section 18(h) of the Interpretation Act and Regulation (EEC, EURATOM) No 1182/71 of the Council. 2. Details of any communications between the Department of Justice and the Attorney General relating to Ireland’s supplying of false information to the EU Commission for posting on the Procedural Time Limits section of the European Judicial Network website.",Part Grant,03/10/2017
156/551/2017,Others,"1. All details of communications, within the last three years, with the Office of the Attorney General relating to Ireland’s non-compliance with Regulation (EEC, EURATOM) No 1182/71 of the Council of 3 June 1971 which sets the framework, for determining the rules applicable to periods, dates and time limits. 2. All details of communications with the Office of the Attorney General, within the last three years, of the posting by Ireland of false and incorrect information on the European Judicial Network website on matters relating to Procedural Time Limits. 3. All details of communications between the Department of Justice and the European Commission, or from any European Union body, regarding the posting by Ireland of false and incorrect information on the European Judicial Network website on matters relating to Procedural Time Limits.",Part Grant,03/10/2017
156/554/2017,Business/ Interest Groups,"A list of all projects approved and rejected by the Immigrant Investor Program (IIP) which was launched in 2012, from the period June 2016 to 31 August 2017.",Refused,03/10/2017
156/555/2017,Business/ Interest Groups,"All information / documentation regarding a named company and its applications to the Immigrant Investor Program (IIP) which was launched in 2012, during the period June 2016 to 31 August 2017.",Refused,04/10/2017
156/557/2017,Oireachtas / Public Reps,"All information, contracts, service level agreements and arrangements that the Department of Justice have made over the past 10 years with a named person. This request to include all financial information, all contact email, phone records, written correspondence. All further correspondence with the local authorities and other agencies that were involved in these facilities.",Part Grant,05/10/2017
156/558/2017,Others,All details of communications between the Department and any other State body regarding the posting by Ireland of false and incorrect information on the European Judicial Network website on matters relating to Procedural Time Limits.,Part Grant,03/10/2017
156/560/2017,Journalist,"A letter sent by a named organisation to Minister Charlie Flanagan in relation to the right to work for asylum seekers, dated 4 July 2017, and any reply sent by the Minister in relation to the letter.",Granted,03/10/2017
156/562/2017,Others,"Copies of all correspondence in any format whatsoever between the Department of Justice and named people in respect of a named organisation, including the recommendations of your Department's Firearm Range Inspector between 1 January 2014 to 11 September 2017.",Part Grant,28/09/2017
156/564/2017,Journalist,The letter from David Hickson to Minister of State Stanton referred to in the following lobbying return: https://www.lobbying.ie/return/19443/gaming-leisure-association-of-ireland,Refused,04/10/2017
156/568/2017,Journalist,The letter mentioned in this entry in the lobbying register https://www.lobbying.ie/return/19715/law-society-of-ireland,Refused,13/11/2017
156/569/2017,Journalist,"Correspondence between the Minister and representatives of a named organisation in relation to funding for homeless school leavers to attend third level education, between 1 May 2017 to 31 August 2017.",Refused,28/09/2017
156/570/2017,Journalist,"The following records relating to the Criminal Legal Aid Scheme: 1. A breakdown of expenditure for the Criminal Legal Aid Scheme in Limerick court cases in 2017, up to 15 September 2017 and what companies, solicitors, barristers etc. this money went to. 2. A breakdown of expenditure for the Criminal Legal Aid Scheme in Limerick court cases in 2016, and what companies, solicitors, barristers etc. this money went to. 3. A breakdown of expenditure for the Criminal Legal Aid Scheme in Limerick court cases in 2015, and what companies, solicitors, barristers etc. this money went to. 4. A breakdown of expenditure for the Criminal Legal Aid Scheme in Limerick court cases in 2014, and what companies, solicitors, barristers etc. this money went to. 5. A breakdown of expenditure for the Criminal Legal Aid Scheme in Limerick court cases in 2013, and what companies, solicitors, barristers etc. this money went to.",Part Grant,10/10/2017
156/571/2017,Journalist,"A list of the cost incurred by this Department to pay for Irish translation of documents, speeches, online content, contracts etc. for the years 2012, 2013, 2014, 2015, 2016, and the year to end of June 2017.",Granted,12/10/2017
156/572/2017,Journalist,"Please can I have all records relating to these lobbying returns, e.g. correspondence, agendas, briefing notes, speaking notes, minutes and presentations. 1. https://www.lobbying.ie/return/17903/google-ireland-limited 2. https://www.lobbying.ie/return/9283/google-ireland-limited 3. https://www.lobbying.ie/return/9282/google-ireland-limited 4. https://www.lobbying.ie/return/9281/google-ireland-limited 5. https://www.lobbying.ie/return/9326/ryan-meade 6. https://www.lobbying.ie/return/9327/ryan-meade 7. https://www.lobbying.ie/return/9324/ryan-meade",Part Grant,03/10/2017
156/582/2017,Journalist,"1. Copies of any reports, submissions, memoranda or other such similar explanatory documents discussing the problem of moving asylum seekers from direct provision centres due to the risk of homelessness and difficulties of securing additional accommodation for them. 2. Details of how many asylum seekers fall into this category in the direct provision centre for each of the calendar months of 2016 and 2017.",Part Grant,29/11/2017
156/583/2017,Journalist,Any briefings / memos / minutes arising out of the meeting between Facebook and Peter Mullan earlier in 2017. The meeting is disclosed in the following lobbying return: https://www.lobbying.ie/return/20453/facebook-ireland-limited,Granted,29/09/2017
156/584/2017,Journalist,"Copies of all correspondence between the Department and any of the Garda representative bodies (GRA, AGSI etc.) related to the issue of falsification of breath test figures.",Refused,20/10/2017
156/596/2017,Others,"All internal and cross Departmental correspondence pertaining to the writing and passing of the Criminal Justice (Misuse of Information Systems) Bill 2017. Copies of all correspondence received by the Minister, their special advisors, parliamentary staff and Department officials that pertains to the Bill from An Garda Síochána, the Defence Forces, private companies and inputs from citizens. Copies of all internally published information and literature and when feasible, copies of all information delivered to Department officials, the Minister and their staff, and associated organisations by third party individuals and organisations.",Part Grant,04/12/2017
156/597/2017,Oireachtas / Public Reps,"Any correspondence between the Department of Justice/Minister for Justice and An Garda Síochána regarding the re-opening of Stepaside Garda Station, inclusive of any correspondence in relation to the interim report recommending its re-opening.",Refused,07/11/2017
156/598/2017,Others,"Information supplied by Dublin maternity hospitals in the period of 2002 to 2004 that shows the nationality, race, ethnicity, residency status (or any combination of those characteristics) of expectant mothers in the care of those institutions and used to frame the wording of the Referendum on the Twenty-Seventh Amendment of the Constitution Bill 2004 (Irish Citizenship).",Refused,27/10/2017
156/600/2017,Oireachtas / Public Reps,"A copy of the rules, regulations and relevant circulars and correspondence governing promotions on the basis of seniority and suitability within your Department and relating to the retention or the abolition of promotion on the basis of seniority and suitability within your Department. A copy of any circular, correspondence or instructions issued by the CPSA, the Department of Finance or the Department of Public Expenditure and Reform, or any of their predecessors, to your Department concerning promotions on the basis of seniority and suitability within your Department and the retention or abolition of promotion on seniority and suitability within your Department. Please state whether your Department currently allows promotion on the basis of seniority and suitability. If your Department does not currently allow promotion on the basis of seniority and suitability please state when your Department abolished it and on what basis it abolished it. Please confirm if your Department was obliged to abolish seniority and suitability or whether it took the decision to do so of its own accord. Please provide"
