Reference Number,Date Received,Description,Decision Date,Decision Made,Requestor Category
FOI-0132-2024,04/03/2024,In the period of 01/01/2024 to 04/03/2024: request for copy of the e-Submission and attached documents - Appointment of the Chairperson of An Bord Pleanála,02/04/2024,Part-Granted,Journalist
FOI-0122-2024,04/03/2024,In the period of 01/01/2024 to 04/03/2024; request for copy of the e-Submission and attached documents - Housing Finance Agency (HFA) senior management salary review - (DPENDR engagement),02/04/2024,Granted,Journalist
FOI-0128-2024,06/03/2024,"In relation to proposal for the development of a Community Group Home for people with intellectual disabilities on a site owned by Kerry County Council: request for the following: The department’s quantity surveyor and architect’s full assessment report and any other technical assessment carried out on the project proposal, either within the department or externally. Also request for the policy assessment or equivalent which fed into this decision.",03/04/2024,Part-Granted,Business/Interest Group
FOI-0136-2024,12/03/2024,"A request for a copy of a director’s resignation letter from the RTB, any correspondence from a director of the Residential Tenancies Board (RTB) and the Minister’s office in the month of January 2024, and the minutes of meeting held between the Minister and a director of the RTB in the first week of February 2024.",04/04/2024,Refused,Oireachtas/Public Representatives
FOI-0143-2024,19/03/2024,"Request for complete details on a complaint submitted in respect of works carried out at Coppingerstown, Midleton, Cork which is currently being investigated.",05/04/2024,Granted,Client
FOI-0120-2024,04/03/2024,"Request for the release of details relating to all successful applications for the Emergency Refurbishment (Ukraine) Programme, including the names of successful applicants, the amount paid to the applicants by the department, and the address/details of properties to be refurbished as a result of the successful application.",09/04/2024,Refused,Journalist
FOI-0137-2024,13/03/2024,"Regarding Vacant Homes Officer Event at the Custom House in 2023: request for a copy of the presentations made at this event, and the presentation on communicating the Vacant Property Refurbishment Grant by the Communications Manager (Housing for All)",10/04/2024,Part-Granted,Journalist
FOI-0082-2024,02/02/2024,"In the period of 15/07/2021 to 30/07/2021 inclusive, request for: 1. Records of information on internal and external communications, made either in electronic, or in any other format, that related to, referred in any way to, or made any contribution to, records that were released (or considered for release) on 22/07/2021 relating to a tendering process that was carried out at the request of National Parks and Wildlife Service (NPWS) in 2012. 2. The tender concerned, the contract to carry out a Benthic Survey to quantify the Area, Range, Structure and Function of the Codling Bank. 3. Letters written to the unsuccessful tenderers be released, including the names of these companies in compliance with Clause 29 of the decision released by the Office of the Commissioner for Environmental Information (OCEI) on 29/01/2024.",12/04/2024,Part-Granted,Business/Interest Group
FOI-0144-2024,13/03/2024,"Request for correspondence between the Communications Unit, including the Communications Manager (Housing for All), in the department; with the producers of a TV show since 01/01/2023.; with any local authority regarding a TV show since 01/01/2023.",12/04/2024,Part-Granted,Journalist
FOI-0116-2024,15/03/2024,"In the period 01/11/2023 to 15/02/2024 : request for emails, reports, documents, and other correspondence at Principle Officer level and above within the Homelessness Business Unit related to a report on the Housing Application status of households in emergency accommodation in the Dublin region submitted by the Dublin Region Homeless Executive.",18/04/2024,Granted,Business/Interest Group
FOI-0146-2024,19/03/2024,"Regarding Glendeer Pet Farm in Athlone in the period of 01/01/2019- 19/03/2024, Request for: Copies of censuses or inventories; Copies of zoo inspection reports; Copies of all incident reports and escape reports",18/04/2024,Part-Granted,Client
FOI-0145-2024,19/03/2024,"Regarding Amber Springs Hotel’s Pet Farm in Wexford in the period of 01/01/2019 to 19/03/2024, request for: Copies of censuses or inventories; Copies of zoo inspection reports; Copies of all incident reports and escape reports",18/04/2024,Part-Granted,Client
FOI-0161-2024,27/03/2024,Request for the latest zoo license inspection report for the Sea Life Centre in Bray (recently closed),18/04/2024,Part-Granted,Business/Interest Group
FOI-0155-2024,25/03/2024,Request for the total cost of producing the Burren National Park draft management plan 2017-2030 with an itemised breakdown of those costs.,22/04/2024,Granted,Client
FOI-0157-2024,26/03/2024,"Requesting all records in relation meetings/phone calls between Kevin Dillion and Cairn Homes, as seen here: Cairn Homes plc (1 May, 2023 to 31 Aug, 2023 , Zoning or development - Lobbying.ie | Lobbying.ie and here: Cairn Homes plc (1 Sep, 2023 to 31 Dec, 2023 , Zoning or development - Lobbying.ie | Lobbying.ie. Request for records of any meeting minutes, meeting notes, a list of attendees, briefing material, associated reports, presentations and correspondence shared and/or referenced at the meeting. Also any letters, emails, text messages, WhatsApp messages, call logs, memos, notes, reports, draft reports and any other relevant records that were created, sent or received by the department in relation to the above return.",23/04/2024,Granted,Client
FOI-0164-2024,10/04/2024,"Regarding St. Patrick’s Day celebrations 2023, request for: All expenses claimed by the Minister; Records of the costs of all travel for every member on each trip; Records detailing the accommodation details and total costs for each person and any other records showing additional costs organised or incurred by the department, e.g., gifts, presentations, receptions, guest hospitality, etc.; All credit card receipts claimed using the department credit card; A full itinerary of the Minister trip to South Africa and Zambia",23/04/2024,Part-Granted,Journalist
FOI-0162-2024,27/03/2024,"In the period of 01/12/2023 to 27/03/2024: request for all correspondence held by the Minister, Minister Kieran O'Donnell and Minister Malcolm Noonan about the following amendment to the Planning and Development Bill 2023. Amendment 605: “(7) Neither a planning authority nor the Commission shall refuse permission for proposed development for reasons that the housing growth target included in the housing development strategy in respect of the settlement (within the meaning of Part 3) concerned has already been reached.”",24/04/2024,Refused,Journalist
FOI-0159-2024,26/03/2024,"In the period of 01/04/2023 to 26/03/2024: request for all records concerning the below lobbying instances with the department officials, the Minister and/or Ministerial advisors including correspondence, phone text or messaging app messages, meeting notes, meeting minutes, meeting briefings (provided by Cairn Homes and/or departmental briefings) and any subsequent internal correspondence (and attachments) provided to and/or from The Minister about the issues raised by Cairn Homes: Lobbying event 1: https://www.lobbying.ie/return/106156/cairn-homes-plc; Lobbying event 2: https://www.lobbying.ie/return/101661/cairn-homes-plc; Lobbying event 3: https://www.lobbying.ie/return/97038/cairn-homes-plc",24/04/2024,Granted,Journalist
FOI-0149-2024,19/03/2024,In the period of 01/01/2024 to 19/03/2024: request for all correspondence between the Minister and Minister Roderic O'Gorman.,25/04/2024,Granted,Journalist
FOI-0167-2024,02/04/2024,"In the period of 01/01/2023 to 01/04/2024: request for any record which assesses / recommends payment or refund (or recommends non-payment or non-refund) of education fees in respect of any single training / education course undertaken by a member of staff in the Department / Office (including staff serving abroad) which cost more than €3,000 per annum.",26/04/2024,Granted,Client
FOI-0158-2024,25/03/2024,"In the period of 01/11/2023 to 28/02/2024: request for all e-mails, draft responses, responses and other records between the Minister, his Special Advisor Kevin Dillon, Secretary General and Assistant Secretaries General of the department related to Deputy Eoin Ó’Broin’s requests for the AEV and Revised Estimates Volumes (REV) for 2023 and 2024 including any records related to the Ceann Comhairle’s correspondence to the Minister on this issue.",29/04/2024,Granted,Oireachtas/Public Representatives
FOI-0138-2024,28/03/2024,"Request for Correspondence from Galway City Council who discharges the functions on behalf of the Lough Corrib Navigation Trust, who have requested clarification regarding the legislative basis for the delivery by the Lough Corrib Navigation Trust of its functions and activities. Request for correspondence to Galway City Council who discharges the functions on behalf of the Lough Corrib Navigation Trust from the department in response to their request for clarification regarding the legislative basis for the delivery by the Lough Corrib Navigation Trust of its functions and activities",29/04/2024,Part-Granted,Client
FOI-0166-2024,02/04/2024,In the period of 01/03/2024 to 31/03/2024: requesting a list of e-Submissions submitted to the Minister through the e-Submissions channel.,29/04/2024,Part-Granted,Journalist
FOI-0168-2024,03/04/2024,In the period of 11/07/2023 to 03/04/2024: request for the following: - copies of any revised or new guidance issued to Met Éireann broadcasters with regard to how to report on or refer to climate change on air.,29/04/2024,Granted,Business/Interest Group
FOI-0169-2024,04/04/2024,In the period of 01/04/2023 to 03/4/2024: request for any complaints received by the department concerning the Cost-Rental Tenant in Situ scheme.,30/04/2024,Refused,Journalist
FOI-0175-2024,11/04/2024,In the period of 01/01/2019 to 11/04/2024: request for all documentation in relation to 1. The all culls of Grey Squirrels carried out throughout Ireland 2. Information on which culling methods were used during each cull 3. Where each cull was carried out 4. Any future planned Grey Squirrel culls in Ireland,30/04/2024,Granted,Client
FOI-0038-2024,26/02/2024,"In the period of 01/09/2023 to 26/02/2024: request for documents that indicate if the department has been contacted by Department of Children, Equality, Disability, Integration and Youth or Dublin Region Homeless Executive or Local Authorities, and responded to an ask, and/or has decided on whether or not it will provide shelter or accommodation to homeless IP applicants. Documents to include: memos, minutes/attendances of meetings/calls on this issue, correspondence between Department of Children, Equality, Disability, Integration and Youth and Dublin Region Homeless Executive and the Department at Principal Officer (PO) level and above, and internal correspondence between POs and above grades on this issue.",02/05/2024,Refused,Business/Interest Group
FOI-0044-2024,27/02/2024,"Request for information between the Minister’s office and the Secretary General’s office on a report commissioned in November 2019 into an alleged role, if any, of Dublin City Council regarding payments made to certain individuals for the purpose of facilitating the protection of social housing developments in Ballyfermot/Cherry Orchard, against anti-social behaviour, intimidation of workers and criminal damage.",02/05/2024,Part-Granted,Journalist
FOI-0174-2024,11/04/2024,Request for a copy of the report carried out on the Housing Adaptation Grants for older people and people with a disability undertaken by the department under the Housing For All strategy.,08/05/2024,Refused,Oireachtas/Public Representatives
FOI-0131-2024,19/03/2024,"Request the department provide comprehensive records (draft and final reports, correspondence, letters, emails, meeting notes, presentations, etc.) regarding the proposed development of Martin Savage Park in Dublin 7 by Dublin City Council.",09/05/2024,Part-Granted,Client
FOI-0135-2024,11/03/2024,"In the period of 03/01/2023 to 08/03/2024: The department wrote a letter dated 12/02/2024 to Dublin City Council requesting that they carry out a Nature Impact Statement on the impact for Brent Geese regarding the development of community grounds at Martin Savage Park, Dublin 7. Request for the following regarding discussions/decisions that may have led to this decision held by The Department such as: - Minutes of meetings, letters received and sent, internal memos, emails including any attachments, text messages, and phone records.",09/05/2024,Part-Granted,Client
FOI-0170-2024,04/04/2024,"In the period of 01/01/2023 to 03/04/2024: request for a copy of the minutes, notes, or any recordings of meetings held between Special Advisor Kevin Dillon and Cairn Homes (or any of its representatives). Also a copy of any communications between Mr. Kevin Dillion and Cairn Homes (or any of its representatives) whether by text, email, messaging service, or any other method.",10/05/2024,Granted,Journalist
FOI-0194-2024,26/04/2024,"Wexford County Council made a Part 8 authorisation decision on 12/12/2022 in respect of local authority own development at Arthurstown in County Wexford (Planning Ref No. LAC 2210) Notice of the application was given to the department under Art 82 of the 2001 Planning Regulations. Request for copy of one document or one set of documents, and a copy of the Art 82 notice to include cover letter/email and all attachments.",10/05/2024,Granted,Client
FOI-0182-2024,15/04/2024,"Request for the most recently updated department brief for an incoming Minister, either signed off and delivered to a new senior minister or minister of state following the 2024 April reshuffle, or a draft prepared for a possible change of minister but never delivered as the minister wasn't changed.",13/05/2024,Part-Granted,Journalist
FOI-0179-2024,12/04/2024,Request for copies of all briefing material prepared for the new Minister of State Alan Dillon.,13/05/2024,Part-Granted,Journalist
FOI-0197-2024,26/04/2024,In the period of 31/08/2023 to 05/10/2023: request for submissions received during the public consultation process for the draft sustainable settlement guidelines for planning authorities. For reference see link below. https://www.gov.ie/en/consultation/451fc-public-consultation-on-the-draft sustainable-and-compact-settlement-guidelines-for-planning-authorities/,13/05/2024,Refused,Journalist
FOI-0185-2024,18/04/2024,"Request for all records on Cloud Seeding, Weather Manipulation or Geo Engineering to ascertain that this is being carried out in Irish airspace without public knowledge.",14/05/2024,Refused,Client
FOI-0187-2024,19/04/2024,"Request for information on whether Ireland engages in Cloud Seeding activities. Request to include: Any government-led initiatives, research projects, or collaborations with private entities aimed at modifying weather patterns through Cloud Seeding techniques; Clarification on whether Ireland is involved in any Cloud Seeding programs outside its territorial jurisdiction. This encompasses participation in international agreements, partnerships, or contributions to Cloud Seeding efforts in other countries or regions; Request for disclosure on any awareness or monitoring efforts by relevant Irish authorities regarding Cloud Seeding activities, whether conducted domestically or abroad. This includes any regulatory oversight, research studies, or data collection initiatives related to Cloud Seeding and its potential impacts on the environment, weather patterns, and public health; Also any documents, reports, correspondence, or other relevant information pertaining to Ireland's involvement or awareness of Cloud Seeding activities, as well as any policies or guidelines governing such activities.",14/05/2024,Refused,Client
FOI-0147-2024,19/03/2024,"In the period of 01/01/2024 to 19/03/2024, between the Peter McVerry Trust and the Minister, request for: All correspondence between Dublin Region Homeless Executive and the department regarding the restructuring and financing; A copy of any briefing notes for the Minister in relation to same; All correspondence between the department and the Board of Peter McVerry Trust; All correspondence between the department and former CEO of South Dublin County Council; A copy of a restructuring plan submitted by the Peter McVerry Trust to the department in January/February 2024",16/05/2024,Refused,Journalist
FOI-0209-2024,08/05/2024,Copies of all periodic financial reviews carried out by the department pertaining to Galway City Council’s sanction of approval to borrow money to buy Crown Square; and/or all correspondence and documentation between the local authority and Department pertaining to those periodic financial reviews since September 2022.,16/05/2024,Refused,Business/Interest Group
FOI-0153-2024,10/04/2024,"Information related to Credit Policy for the Local Authority Home Loan (LAHL) applications, in accordance with the current LAHL credit policy.",17/05/2024,Refused,Client
FOI-0192-2024,26/04/2024,"TikTok has recorded lobbying the Minister, Minister of State Malcolm Noonan, and special advisors at a roundtable discussion on protecting the integrity of elections. Request access to the following records/details: all paper and digital correspondence (emails, letters, texts, WhatsApp, faxes) between the department and roundtable attendees related to the meeting, before and after; briefing material prepared for the ministers and department officials ahead of the meeting; records of all material presented at the meeting; meeting minute",22/05/2024,Part-Granted,Journalist
FOI-0202-2024,01/05/2024,In the period of 01/04/2024 to 30/04/2024: request for a list of e-Submissions submitted to the Minister for Housing through the e-submissions channel.,24/05/2024,Part-Granted,Journalist
FOI-0221-2024,16/05/2024,"Any internal correspondence and attachments, between Department of Housing officials of principal officer level and above, that relates to Part V leasing and whether or not to get rid of it as a provision.",24/05/2024,Refused,Journalist
FOI-0196-2024,26/04/2024,"Request for any correspondence to or from any Assistant Secretary in the department which contains references to, or an analysis of, the Local Authority Home Loan (LAHL) Credit Policy, specifically in relation to the eligibility of non-EEA/EU citizens for the LAHL scheme.",27/05/2024,Part-Granted,Client
FOI-0208-2024,03/05/2024,"Request for the records of email sent to Minister O'Brien by The Logically Ltd regarding election interference, as outlined on the lobbying register https://www.lobbying.ie/return/108928/the-logically-ltd",27/05/2024,Granted,Client
FOI-0198-2024,27/04/2024,In the period of 26/06/2023 to 08/08/2023: request for submissions received during the public consultation process for the review of the private residential rental sector. For reference see link below: https://www.gov.ie/en/consultation/ea0ea-public-consultation-review-of-the-private residential-rental-sector/,27/05/2024,Part-Granted,Journalist
FOI-0204-2024,03/05/2024,"On the 30/04/2024, in response to a question relating to engineering qualifications from Deputy Steven Matthews (Question 421), the Minister for Housing, Local Government and Heritage wrote: \My Department undertakes reviews of declared qualifications as necessary and has recently commenced a review of the suite of current engineering qualifications declared under section 160 of the Local Government Act 2001.\ In relation to this response from the Minister, I am writing to seek the following: 1. The Terms of Reference for the review of the suite of current engineering qualifications; 2. The duration/schedule of this review; 3. The names, roles and contact details of those appointed by the Minister to conduct this review",28/05/2024,Part-Granted,Client
FOI-0201-2024,30/04/2024,Request for any and all submissions made by the Dublin Airport Authority regarding the Planning and Development Bill,29/05/2024,Granted,Business/Interest Group
FOI-0200-2024,30/04/2024,"In the period of 01/11/2023 to 28/02/2024: request for all records between The Minister, his political advisors, senior officials at and above Principal Officer. Homes dealing with the Planning and Development Bill and Cairn Homes related to Government Amendment 605 regarding refusing planning permission on grounds of housing targets being exceeded.",29/05/2024,Refused,Oireachtas/Public Representatives
FOI-0207-2024,03/05/2024,"A copy of correspondence and documentation sent by Cork County Council to the department in reply to the DHLGH's request, sent in May 2022 to Cork County Council, for information about properties or buildings in their geographic area that they deemed potentially suitable to provide accommodation for 100+ people.",29/05/2024,Part-Granted,Journalist
FOI-0222-2024,16/05/2024,Request for the minutes of the \Implementation Steering Group for the Enhanced Defective Concrete Clocks Scheme\ meeting that took place on 11/01/2024.,05/06/2024,Granted,Journalist
FOI-0211-2024,14/05/2024,"1. Request for any reports submitted to the Minister by the Defective Blocks Grant Scheme “Implementation Steering Group” or any of its associated partners; 2. Request for any correspondence between the Minister / Department and the above Steering Group related to its terms of reference, any meetings held by it and any reports submitted by it. All documents in relation to the sub-group of the Defective Blocks Grant Scheme “Implementation Steering Committee”, including but not limited to: 1. Minutes of any meetings held by the sub-group; 2. Department of Housing correspondence related to the establishment of the sub group – to the grade of principle officer within the Housing Department; 3. Correspondence with potential members invited to join the sub-group; 4. Any draft findings or guidelines arising from the work of the sub-group; 5. Any correspondence regarding the terms of reference issued by the department to the Steering Committee or its sub-group",05/06/2024,Part-Granted,Client
FOI-0189-2024,08/05/2024,In the period of 01/07/2023 to 31/12/2023: request for records received or generated and those of all communication - including email attachments (such as PWC reports) between Department of Housing officials (at Assistant Principal level and higher) that relate to governance at the Peter McVerry Trust.,06/06/2024,Part-Granted,Journalist
FOI-0220-2024,16/05/2024,In the period of 01/07/2022 to 16/05/2024: request for any research commissioned by the Housing Agency and provided to the department that relates to Part V leasing.,06/06/2024,Part-Granted,Journalist
FOI-0199-2024,10/05/2024,"Request for copies of the contributions; preparatory or briefing notes; correspondence and file notes prior and subsequent to the delivery of remarks, between the Housing Programme Management Office and the Ministers Office by: 1. The Minister at the House Building Summit 2024, on 16/04/2024 and on 22/03/2022; 2. Assistant Secretary Paul Hogan and his division by: at the House Building Summit 2024 on 16/04/2024 and on 22/03/2023",07/06/2024,Granted,Journalist
FOI-0216-2024,14/05/2024,"Request for the minutes, attendance and agenda of the workshop held between NPWS and An Garda Síochána held in the week up to the 26/04/2024.",10/06/2024,Part-Granted,Business/Interest Group
FOI-0236-2024,24/05/2024,"In the period of 01/12/2023 to 23/05/2024: request for records of correspondence, letters, emails, text messages, reports and memos, meetings, meeting minutes/notes, and the like between the Minister’s office and representatives on behalf of Insurance Ireland, regarding issues surrounding defective apartment and defective concrete block redress. For reference see link below. https://www.lobbying.ie/return/110444/insurance-ireland",14/06/2024,Granted,Journalist
FOI-0227-2024,20/05/2024,"Request for all paper and digital correspondence (emails, letters, texts, WhatsApp, faxes) between the department and Turley between 01/01/2024 to 30/04/2024, all briefing material prepared by officials ahead of any meetings between the parties, minutes for such meetings and records of all material presented at such meetings",17/06/2024,Granted,Journalist
FOI-0261-2024,31/05/2024,In the period from 01/01/2024 to 27/05/2024: request for copies of the following e-Submissions and attached documents: - 214-24: Housing for All Long Term Leasing Surplus Target Redistribution,17/06/2024,Granted,Journalist
FOI-0191-2024,20/05/2024,In the period of 01/09/2023 to 20/05/2024: request for all correspondence held by the Planning Division of the Department about the relocation and/or reconfiguring of Cathal Brugha Barracks,18/06/2024,Part-Granted,Journalist
FOI-0228-2024,22/05/2024,"In the period of 01/12/2023 to 22/05/2024: request for records of correspondence, letters, emails, text messages, reports and memos, meetings, meeting minutes, between officials ranked at Assistant Secretary Level or above, the Minister’s office and Minister of State’s office and SSE regarding planning reforms, energy security and national climate targets. The following link may be of assistance - https://www.lobbying.ie/return/111589/sse-plc",18/06/2024,Granted,Journalist
FOI-0230-2024,22/05/2024,"In the period of 01/12/2023 and 22/05/2024: request for records of correspondence, reports and memos, meetings and meeting notes between the Minister’s office or Minister of State’s office and Aer Lingus regarding capacity, infrastructure and planning at Dublin Airport, and taxation policies.",18/06/2024,Granted,Journalist
FOI-0229-2024,22/05/2024,"In the period of 01/12/2023 to 22/05/2024: request for records of correspondence, letters, emails, text messages, reports, submissions and memos, meetings, meeting minutes, and the like, between the Minister’s office and Supermac’s regarding planning reforms.",18/06/2024,Granted,Journalist
FOI-0235-2024,24/05/2024,"Request for records in relation to Lios Cara Estate, Killeens, Cork.",18/06/2024,Refused,Business/Interest Group
FOI-0233-2024,23/05/2024,Request for any correspondence since 01/01/2024 between the Minister or the department (at Principal Officer (PO) level or above) and the chairman or board of An Bord Pleanála: 1. on the investigation by Lorna Lynch SC into “matters of concern” at An Bord Pleanála and minutes of any meetings between them on the same topic; 2. on the Planning and Development Bill 2023; 3. on the backlog of planning files before An Bord Pleanála,19/06/2024,Part-Granted,Journalist
FOI-0248-2024,05/06/2024,"Request for livestock numbers in the new Páirc Náisiúnta na Mara, Ciarraí",19/06/2024,Refused,Client
FOI-0240-2024,24/05/2024,"Request for: the letter sent to the Minister on 26/04/2024 communicating issues related to protection of existing pipeline of permissions in the new Draft Planning Bill 2023; the letter sent to the Minister on 06/03/2024, in conjunction with PII and IHBA, with observations on housing delivery trends, making the case for extension of housing supply support measures; minutes of meetings between IIP and department officials between 01/01/2024 and 30/04/2024. For reference: lobbying The Department between 1 Jan and 30 April.",20/06/2024,Granted,Journalist
FOI-0206-2024,25/04/2024,"In relation to an address in Carndonagh, Co. Donegal: Request for a copy of a contract to purchase a new development in the urban area of Carndonagh. This site is a new Development and recent articles in the public press has stated that this site has been purchased by the Housing Agency.",22/06/2024,Part-Granted,Client
FOI-0241-2024,28/05/2024,"In the period of 01/05/2024 to 28/05/2024: request copies of any records held by the Minister or any of his special advisers referring to or relating to the report of the Housing Commission. Also, searches of any mobile phones, relevant private email addresses and/or messaging services should be considered when processing this request.",24/06/2024,Part-Granted,Business/Interest Group
FOI-0250-2024,04/06/2024,In the period of 01/05/2024 to 31/05/2024: request for a list of e-Submissions submitted to the Minister.,24/06/2024,Part-Granted,Client
FOI-0231-2024,22/05/2024,"Chambers Ireland has reported meeting with the department for a \discussion on targets for delivery of affordable housing\ between 01/01/2024 and 30/04/2024: all paper and digital correspondence (emails, letters, texts, WhatsApp, faxes) between the department and Chambers between 1 January and 30 April 2024; all briefing material prepared by officials ahead of meetings between the parties for the same time period; minutes for such meetings; records of all material presented at such meetings",25/06/2024,Granted,Journalist
FOI-0257-2024,31/05/2024,In the period from 01/01/2024 to 27/05/2024: request for copies of the following e-Submissions and attached documents: - 209-24: Additional Commitment Request First Home Scheme.,25/06/2024,Part-Granted,Journalist
FOI-0247-2024,04/06/2024,"Request for all records related to this lobbying event (excluding emails to set up the meeting) such as minutes, notes, transcripts of virtual meetings, briefing papers or copies of presentations. Records of any follow-up action taken on the issues raised in the meeting (e.g. correspondence with Bauer Media Audio Ireland, minutes of follow-up meetings, any internal reports, memos, briefings, assessments, etc.)",25/06/2024,Granted,Journalist
FOI-0249-2024,04/06/2024,"Request for records in relation to a letter sent by the Minister of State for Heritage and Electoral Reform, Malcolm Noonan TD in March 2023 on the subject of Thatch Insurance and the problems of obtaining it.",25/06/2024,Part-Granted,Client
FOI-0258-2024,01/06/2024,In the period from 01/01/2024 to 27/05/2024: request for copies of the following e-Submissions and attached documents: - 235-24: Housing Commission Recommendations – Housing Commission; - 136-24: Defective Concrete Blocks - Designation of Sligo County Council,26/06/2024,Part-Granted,Journalist
FOI-0260-2024,31/05/2024,In the period from 01/01/2024 to 27/05/2024: request for copies of the following e-Submissions and attached documents: - 215-24: Extension of Housing Assistance Payment (HAP) Landlord Payment Guarantee; - 188-24: Strategic overview on Homelessness,27/06/2024,Part-Granted,Journalist
FOI-0259-2024,31/05/2024,In the period from 01/01/2024 to 27/05/2024: request for copies of the following e-Submissions and attached documents:- 191-24 Housing for All (HFA) AGM 2024 - Proxy,27/06/2024,Granted,Journalist
FOI-0243-2024,29/05/2024,"In the period of 01/01/2002 to 31/12/2008: Request for any and all details/information/record in the form of documents, correspondence, howsoever stored and whether in paper or electronic format in your possession and or your power of procurement generally between or including the department and the Irish Concrete Federation regarding EN12620 and SR16",01/07/2024,Refused,Client
FOI-0242-2024,29/05/2024,"In the period of 01/01/2002 to 31/12/2008: Request for any details/information/record in the form of documents, correspondence, howsoever stored and whether in paper or electronic format in your possession and or your power of procurement generally in relation to any notifications from the National Standards Authority of Ireland (NSAI) to the department regarding EN12620 and SR16.",01/07/2024,Part-Granted,Client
FOI-0251-2024,04/06/2024,Records in relation to crime prosecutions initiated by the National Parks and Wildlife Service (NPWS) within the last year.,01/07/2024,Granted,Client
FOI-0256-2024,04/06/2024,Data held by the department on the number of homeless people - including children - who are understood to have become homeless as a result of domestic abuse/domestic violence for each of the last 5 years.,02/07/2024,Refused,Journalist
FOI-0254-2024,04/06/2024,All records related to the joint submission received in February 2020 that identified over 300 inaccuracies in the Draft 2019 Wind Energy Development Guidelines (WEDGs) for noise.,02/07/2024,Refused,Client
FOI-0255-2024,04/06/2024,"Various submissions to the draft 2019 wind energy development guidelines, specifically those made by the following; MAS Environmental, the Institute of Acoustics, Wind Energy Ireland, the Environmental Protection Agency, the Office of Planning Regulator, EirGrid, CRU, any and all local authorities.",02/07/2024,Refused,Client
FOI-0246-2024,04/06/2024,Records in relation to the members of the Appeals Panel established pursuant to the remediation of dwellings damaged by the Use of Defective Concrete Blocks Regulations 2023,02/07/2024,Granted,Client
FOI-0245-2024,01/06/2024,In the period from 01/01/2024 to 27/05/2024. Request for copies of the following e-Submissions and attached documents: - 220-24: Review of achievement of the purposes of the Land Development Agency (LDA) Act as required by Section 9(2) - 116- 24 - Update to 2023 Capital Commitments Approval of the Land Development Agency,04/07/2024,Part-Granted,Journalist
FOI-0214-2024,14/06/2024,"All paper and digital correspondence (emails, letters, texts, WhatsApp, faxes) between the Department and BICC between 01/01/2024 and 30/04/2024 relating to the Planning and Development Bill 2023. All briefing material prepared by officials ahead of meetings between the parties for the same time period relating to the Planning and Development Bill 2023. Minutes for such meetings relating to the Planning and Development Bill 2023. Records of all material presented at such meetings relating to the Planning and Development Bill 2023",05/07/2024,Granted,Journalist
FOI-0282-2024,21/06/2024,Request for a record of the following: re Parking Spaces: a) total number of car parking spaces currently available to staff; b) the number of car parking spaces currently owned; c) the number of car parking spaces currently leased; d) the number of car parking spaces currently provided of/by your public body in the Dublin City Council area.,08/07/2024,Refused,Client
FOI-0212-2024,06/05/2024,Records in relation to vacant homes and Mayo County Council.,09/07/2024,Refused,Journalist
FOI-0272-2024,19/06/2024,"Request for all information and records in whatever form held (including with particularly, but not limited to, notes, memos, emails, minutes of meetings correspondence etc.) by and within the Department of Justice and also other departments including Department of Finance and Department of Public Expenditure and Reform and with any ministers and any other parties (including third parties) in relation to the application of Financial Emergency Measure in the public interest (FEMPI) to Coroners in the state from 01/01/2016 to 31/12/2019 inclusive. Also to include all such information, data and records within and between the departments (including but not limited to, information held by and within line division(s), Management Board, offices for the ministers etc.) and any third parties.",10/07/2024,Granted,Client
FOI-0269-2024,18/06/2024,Copies of any correspondence dating from 01/01/2019 and 30/06/2020 between the then chairman of the Land Development Agency and the then Minister for Housing Eoghan Murphy - or Mr Murphy’s advisers at the time.,11/07/2024,Part-Granted,Journalist
FOI-0274-2024,21/06/2024,All correspondence relating to the Mulcahy Report within the Office of the Minister and the Office of the Planning Regulator dated between 01/01/2023 and 31/12/2023,12/07/2024,Refused,Client
FOI-0270-2024,18/06/2024,"Records relating to guidelines, instructions, and procedural clarifications relating to the Vacant Property Refurbishment Grant: Croí Cónaithe Towns Fund between 01/01/2024- 31/05/2024",15/07/2024,Granted,Client
FOI-0276-2024,18/06/2024,"Written communications from Assistant Secretary and above between the Department of Housing and Department of Finance from 01/03 2024 to 18/06/2024 RE: the State’s involvement in the financing of residential delivery, including through the Housing Finance Agency.",16/07/2024,Refused,Journalist
FOI-0226-2024,19/06/2024,"63 technical reports which had been commissioned by affected homeowners relating to approximately 50 dwellings in addition to other supplementary information relevant to the problems their members are facing. In broad terms, the information provided largely consisted of a mixture of reports from consulting engineers (some with and some without laboratory reports) as well as a number of isolated laboratory reports.",16/07/2024,Refused,Client
FOI-0279-2024,24/06/2024,"Request for all correspondence between the Department, An Bord Pleanála and the Land Development Agency in September 2021 including e-mails, letters and any other written communication.",17/07/2024,Refused,Client
FOI-0277-2024,25/06/2024,"Transcripts of complaints/concerns, with any mentions of Northern Ireland/the North (including any locations in the region), received by Met Éireann from members of the public regarding its services between 01/012023 and 24/06/2024.",17/07/2024,Part-Granted,Journalist
FOI-0286-2024,27/06/2024,"In the period of 01/01/2024 to 27/06/2024; Request for a copy of any briefings, submissions, reports, or other such advisory documents that have issued to Met Éireann staff with regard to the impact of changes to or the eventual collapse of the AMOC.",17/07/2024,Granted,Business/Interest Group
FOI-0275-2024,24/06/2024,"Correspondence between the Department of Housing, Local Government & Heritage and Lumcloon Energy, COOLPOWRA FLEX GEN LIMITED and/or representative of Lumcloon Energy between 20/10/2021 and 21/06/2024.",19/07/2024,Refused,Client
FOI-0280-2024,24/06/2024,"1) The number of recorded attacks on National Parks and Wildlife Service (NWPS) staff carrying out their duties under the Wildlife Act 1976 for the following years: 2020, 2021, 2022, 2023 and 2024 (up until 29/04/2024). 2) Dates and details of these reports. For clarity, 'attacks' can be verbal or physical or a form of intimidation, and seen as those serious enough to be recorded by NWPS.",19/07/2024,Refused,Journalist
FOI-0283-2024,26/06/2024,This correspondence: https://www.lobbying.ie/return/112341/peter-mcverry-trust; https://www.lobbying.ie/return/112340/peter-mcverry-trust; https://www.lobbying.ie/return/112339/peter-mcverry-trust,22/07/2024,Refused,Journalist
