FOI No.,Requester,Date and Details of Request Received,Decision,Date Released
FOI-0273-2025,Business / Interest Group,29 December 2025
Scope of Records dated from January 1,2022,to May 1st 2025:
All correspondence,minutes of meetings,briefing notes,internal memoranda,and
communication records (including emails,WhatsApp messages,and text messages) exchanged
between the Department (including the Minister,the Minister of State with responsibility for
planning,Dept,special advisers,and officials at Principal Officer grade or above) and the
following external entities:
• Bord na Móna (including Bord na Móna Powergen Ltd)
• Wind Energy Ireland (WEI)
This request is specifically limited to records relating to:
• The drafting,amendment,or discussion of the Planning and Development Bill 2023/2024.
• Proposals regarding Judicial Review procedures,specifically:
o Restrictions on Locus Standi or standing for Residents' Associations.
o Requirements for unincorporated bodies (Section 286 of the Act).
o Timelines for seeking leave for Judicial Review.
o Legal costs protections or the Aarhus Convention.
"• Strategic Infrastructure Development (SID) designation criteria.,,"
FOI-0272-2025,Member of the Public,05 January 2026
• Briefings provided to the Minister between 01/06/2025 and 30/11/2025 in relation to
Ireland's new Strategic Gas Emergency Reserve (SGER) / the Floating Storage and Regasification
Unit (FSRU).
• Briefings provided to the Minister between 01/06/2025 and 30/11/2025 on the cost of the
unit.
• Documents produced between 01/06/2025 and 30/11/2025 in relation to the cost-benefit
analysis undertaken as part of the decision to pursue the unit.
• Minutes of meetings held between 01/06/2025 and 30/11/2025 between the Department
and Gas Networks Ireland in which the cost and frequency of use of the strategic gas
"emergency reserve unit were discussed.,,"
FOI-0271-2025,Journalist,22 December 2025
Copies of any anonymous letters received concerning the conduct of any workers/employees of
Inland Fisheries Ireland sent to departmental officials and/or to Denis Maher and/or Philip
Nugent. Time period: 1 January 2022-30 June 2022;
Any correspondence [including attachments] between departmental officials [including but not
limited to Denis Maher or Philip Nugent] and IFI senior management or IFI board members
concerning the anonymous letters and/or any [proposed] follow-up action concerning the
details in the letters. Time period: 1 January 2022-30 July 2022;
Any briefings or correspondence [including attachments] between departmental officials
[including but not limited to Denis Maher or Philip Nugent] and either the Secretary General or
Minister of State or Minister concerning the anonymous letters and/or any [proposed] follow up action concerning the details in the letters. Time period: 1 January 2022-30 July 2022;
A copy of any correspondence between IFI senior officials or the IFI board and departmental
officials concerning the findings of the ACRUX report ........................... Time period: 1 May 2022-31
"December 2022;,,"
FOI-0270-2025,Journalist,19 December 2025
1. Copy of correspondence between the Minister for the Environment and the chairman of
Inland Fisheries Ireland since 01 June 2025 in relation to governance issues at the
agency,protected disclosures and the proposal for an external review of the
"organisation as set out in the Programme for Government,Part-granted,13 January 2026"
FOI-0269-2025,Journalist,15 December 2025
A copy of any records held referring or relating to the lobbying activity described in the
"following entry on the Lobbying Register: https://www.lobbying.ie/return/125324/sslf progress-ireland,Transferred,23 December 2025"
FOI-0268-2025,Journalist,15 December 2025
I request the following records from the period 1 Sept 2025-present concerning the following
"lobbying returns: https://www.lobbying.ie/return/132399/south-dublin-routing-4-no-2-limited,Part-granted,20 January 2026"
FOI-267-2025,Member of the Public,15 December 2025
With regard to the Renewable Electricity Support Scheme RESS 1: 2020 and the associated
Terms and Conditions Appendix 2 Milestones (attached for your reference)
Can you please provide an update on the status of each milestone for each successful
"applicant.,Part-granted,08 January 2026"
FOI-0266-2025,Journalist,03 December 2025
1. Any correspondence since January 1st 2025 between the Minister or Department of
Climate,Energy and the Environment (at PO level or above) and the Taoiseach or his
Department (at PO level or above) on proposals to curtail Judicial Review actions against
housing and infrastructure projects and proposals to cap High Court legal fees in Aarhus
Convention cases; and any associated reports.
2. Any correspondence since January 1st 2025 between the Minister or Department of
Climate,Energy and the Environment (at PO level or above) and the Minister or Department of
Public Expenditure (at PO level or above) on proposals to curtail Judicial Review actions against
housing and infrastructure projects and proposals to cap High Court legal fees in Aarhus
"Convention cases; and any associated reports.,Granted,23 December 2025"
FOI-0265-2025,Journalist,02 December 2025
I am seeking copies of the following esubmissions and ancillary documents relating to:
- Electricity Security of Supply Update
- Information note on the Strategic Gas Emergency Reserve
- ESB Consent Request – ESB Statutory Borrowing Limit
- Letter from Minister O'Brien to the Taoiseach re the Scale of Fees for environmental Judicial
Reviews
- Letter to Chairs of ESBN and EirGrid on Urban Supply of Electricity
- Amendment to An Post Articles of Association
- Interim Report of National Energy Affordability Taskforce
"I wish for my request to cover the period from 1/1/2025 - 1/12/2025.,,"
FOI-0264-2025,Oireachtas/Public Representative,01 December 2025
I would like to request records associated with the September 26 meeting with energy
suppliers.
I would also like all correspondence with suppliers from the minister's office over the last 6
"months.,Part-granted,02 January 2025"
FOI-0263-2025,Journalist,01 December 2025
I am seeking a list of esubmissions submitted to the Minister for Environment,Climate and
Communications through the e-submissions channel.
"I wish for my request to cover the period from 01-11-2025 - 30-11-2025.,Granted,28 December 2025"
FOI-0262-2025,Member of the Public,26 November 2025
All information and correspondence relating to the November 2023 request to increase EirGrid
defined Benefit Pensions.
I request all internal correspondence and also all external correspondence with any other body
or organisation e.g.EirGrid,NewERA,"Department of Finance.,Part-granted,12 December 2025"
FOI-0261-2025,Journalist,25 November 2025
I am seeking the release of records relating to the Landfill Remediation Joint Steering Group
from 2023 to date.
Please provide quarterly agendas,minutes and copies of any reports mentioned in such
"meetings or presented at the meetings.,Part-granted,24 December 2025"
FOI-0260-2025,Member of the Public,25 November 2025
• Briefings provided to the Minister in relation to Budget 2026.
• Briefings provided to the Minister in relation to the effect of withdrawing energy credits
in Budget 2026 including any analysis of it's impact on the rate of energy poverty / energy bill
"arrears.,,"
FOI-0259-2025,Journalist,24 November 2025
1. Any reports or notes to the Minister from the Department (at PO level or above) on
electricity security of supply issues and any associated risks to the completion or
housing,foreign direct investment or data-centre projects.
2. Any correspondence since January 1st,2025,between the Minister or his Department
(at PO level or above) and the chairman,board or chief executive of ESB on: electricity
security of supply issues; electricity connections for new housing,foreign direct
investment or data-centre projects; and the provision of Government funding for
investment in ESB Networks infrastructure. Minutes of any meetings between them on
the same topics,and any associated reports or notes.
3. Any correspondence since January 1st,2025,between the Minister or his Department
(at PO level or above) and the chairman,board or chief executive of EirGrid on:
electricity security of supply issues; electricity connections for new housing,foreign
direct investment or data-centre projects; and the provision of Government funding for
investment in EirGrid or ESB Networks infrastructure. Minutes of any meetings between
them on the same topics,and any associated reports or notes.
4. Any correspondence since January 1st,2025,between the Minister or his Department
(at PO level or above) and the chairman,board or chief executive of IDA Ireland on:
electricity security of supply issues; electricity connections for new housing,foreign
direct investment or data-centre projects; and the provision of Government funding for
investment in EirGrid or ESB Networks infrastructure. Minutes of any meetings between
them on the same topics,and any associated reports or notes.
This request excludes correspondence to arrange the timing,date and location of any
"meetings.,Part-granted,22 December 2025"
FOI-0257-2025,Member of the Public,24 November 2025
Regarding all types of Social Housing rents uncollected by all Local Authorities for years 2022,
2023 and 2024,
"Supply total amounts per each Local Authority.,Transferred,25 November 2025"
FOI-0256-2025,Journalist,21 November 2025
"Will the department release to me the completed report of Phase 2 of the Land Use Review.,Refused,18 December 2025"
FOI-0255-2025,Journalist,20 November 2025
Any briefing notes or reports concerning energy/electricity/utility costs received by minister
"Darragh O’Brien from 01/05/2025 to date.,Part-granted,16 December 2025"
FOI-0254-2025,Journalist,20 November 2025
Minutes of meetings of the management board of the Department,during 2025,"to date,Part-granted,18 December 2025"
FOI-0253-2025,Member of the Public,19 November 2025
Copy of all ( ARCs ) Granted by the Minister or by his Department or any other relevant
authority that can do so with the Minister's approval relating to the SPA 004087 on Lough Foyle
since it was first Designated in 2011 to the present date .
Also Copy of all Derogation Licences under the European Communities (Birds and Natural
Habitats) Regulations granted by The Minister or his Department or any other relevant
authority that can do so under the Minister approval from its first Designation till the present
"date.,Withdrawn,28 November 2025"
FOI-0252-2025,Member of the Public,13 November 2025
Can you supply information on the Monitoring Reports,provided to the Minister under the
above Lease.
Section 15.1
(1) Seabed Foundation Level. Initial 6 monthly reports for first two years and annual reports
thereafter,as required by the lease.
(2) Scour Reports for the foundations of each turbine – 6 monthly for the first two years and
annually thereafter.
(3) Information on the bird life monitoring on a quarterly basis since inception of the lease.
(6) Monitoring of BENTHIC Communities on or adjacent to the turbine foundations,what
reports are available for first five years of operation?
Section 15.2
Has the monitoring referred to in Clause 15.1 caused any concern to the Minister and has the
Minister required any additional monitoring?
Section 15.3
"(2) Has the Lessee complied with the requirement to furnish annual audited accounts?,Transferred,27 November 2025"
FOI-0251-2025,Journalist,11 November 2025
All records held by the Department relating to gifts,hospitality,travel expenses,subsidised
events,or externally-funded trips received by:
-Ministers and Ministers of State assigned to this Department,
-Members of the Minister’s private office,and
-Senior civil servants (Principal Officer level and above),
for the period from 1 January 2024 to Date.
This request should include,but not be limited to:
-Records or registers of gifts or hospitality offered or received,including invitations to events,
receptions,entertainment,or meals; -Records relating to travel or trips (domestic or international) where costs were paid in full or in
part by external organisations,including semi-state bodies,lobby groups,private sector
entities,or foreign governments;
-Details of payment or reimbursement,including who paid,the purpose of the event/travel,
total cost,and whether departmental approval was granted;
-Any conflict-of-interest declarations or assessments made in connection with such gifts,trips,
or events;
-Any correspondence or memos between the Department and the Standards in Public Office
Commission (SIPO) regarding such matters; and
-Any records indicating whether the above gifts,hospitality,or trips were formally declared to
the Department,SIPO,"or any other relevant oversight body.,Refused,09 December 2025"
FOI-0250-2025,Journalist,10 November 2025
1) Copies of minutes from Minister Darragh O'Brien's meeting with Re-turn CEO Ciaran Foley on
May 23,2025,as well as copies of briefing notes and memos provided to the minister in
advance of the meeting
2) Copies of minutes from the meeting between Minister of State Alan Dillon and Re-turn
executives in March 2025
3) Copies of complaints from the public received in relation to the Re-turn scheme between
May 30,3025 and the present date
4) Copies of briefing notes,memos,and other records for ministers in the department
regarding the deposit return/Re-turn scheme,"including all correspondence received from Re Turn CEO Ciaran Foley,Part-granted,03 December 2025"
FOI-0249-2025,Journalist,10 November 2025
a) the number of fires that occurred at waste plant facilities as a result of lithium-ion batteries
over the last 12 months,dating October 2024- October 2025
b) the number of fires that occurred at waste plant facilities as a result of lithium-ion batteries
"in each month this year,Withdrawn,20 November 2025"
FOI-0248-2025,Member of the Public,07 November 2025
1. any documentation regarding the disposal of material to the Murphy’s Rock site including
the source,potential materials,toxins and volume dumped
2. any documentation concerning the treatment of this material during removal and
disposal,for example grinding or sorting but not limited to this
3. Any documentation concerning testing or inspections carried out on this dump site -
including bore testing,water table testing,river water testing,ecological testing but not limited
to this
Include ANY testing before dumping,after reporting and after mitigation steps
4. Any documentation concerning mitigation activities carried out
5. Any documentation concerning risk assessments carried out
5. Any documentation with the responsible parties concerning this dumping and subsequent
corrective actions
6. Any documentation/ communication with government departments or EU concerning this
illegal dumping and dump site
7. Any documentation regarding clean-up activities and decisions on same
8. Any documentation concerning monitoring of the illegal dumping site
9. On Wednesday 17th Dec 2025 Ken O'Flynn TD raised a question (158-160) asking the Minister
for Climate Energy and the Environment for further information regarding dumping on this site.
Please provide documentation on the following:
 What steps were taken to rectify the identified issues to the satisfaction of the EU
 Documentation concerning steps to ensure required site remediation,risk assessment,
enforcement and regularisation actions
" Waste facility Permit issued on this site,Part-granted,16 December 2025"
FOI-0247-2025,Journalist,06 November 2025
A copy of any correspondence/letters/emails,sent and received,between the Minister and any
European commissioner,between 10th July and 6th November 2025.,(a) Part- Granted
(b) Granted
"(c ) Part Granted,(a) 28 November 2025"
(b) 27 November 2025
(c) 04 December 2025
FOI-0246-2025,Oireachtas/Public Representative,04 November 2025
Details of all spending on external press and communications companies in each of the last five
years by company and including the specific purpose/recipient of any training provided in
"tabular form or in such format as they exist.,Withdrawn,21 November 2025"
FOI-0245-2025,Journalist,03 November 2025
I am seeking a list of esubmissions submitted to the Minister for Environment,Climate and
Communications through the e-submissions channel.
"I wish for my request to cover the period from 01-10-2025 - 31-10-2025.,Granted,28 November 2025"
FOI-0244-2025,Journalist,31 October 2025
I am seeking the release of records relating to meetings between Liquid Gas Ireland and
officials at the Department of Climate,Energy and the Environment from May 1st to date.
This should include,but is not limited to,records of any meeting minutes,meeting notes,a list
of attendees,briefing material,associated reports,presentations and correspondence shared
and/or referenced at the meetings.
Please also provide any correspondence (emails,letters,text messages etc) between Liquid Gas
"Ireland representatives and officials at the Department during the same period.,Part-granted,01 December 2025"
FOI-0243-2025,Journalist,30 October 2025
- copies of DCEE’s internal adaptation plans or any working-documents that deal with or
document challenges arising from climate change for coastal zones,flood risk areas,and heat
stress or drought for the next ten years.
Clarification received 05/11/2025
I'm only seeking such records where they were prepared by DCEE and are not already in the
public domain.
If that is plans for the department itself,sectoral adaptation plans or other working documents,
I am only seeking those which are held by DCEE and are unpublished.
"You do not need to worry about what records other departments may hold.,Refused,05 December 2025"
FOI-0242-2025,Journalist,28 October 2025
1. All minutes from meetings of the National Energy Affordability taskforce from inception to
"date,Withdrawn,29 October 2025"
FOI-0241-2025,Journalist,28 October 2025
I am seeking copies of the following esubmissions and ancillary documents:
- Submission of report on Issues Impeding Accelerated Delivery of the Onshore Electricity
Infrastructure to Minister for Public Expenditure,Infrastructure,Public Service Reform and
Digitalisation
- Annual Report and Accounts of CRU for the year ended 31 December 2024
- Bord na Móna proposed sale of Bord na Móna Recycling Limited
- Bord na Móna Annual Report and Accounts for financial year ended 26 March 2025.
- Briefing note on Offshore Wind Technical Resource Assessment report
- Briefing on Accelerating Renewable Electricity Taskforce for Minister O'Brien
- Equity Letter EirGrid
I wish for my request to cover the period from 1/5/2025 - 27/10/2025.,(a) Part- Granted
(b) Part Granted
(c&d) Part Granted
(e) Part Granted
(f) Granted
"(g) Part Granted,(a) 21 November 2025"
(b) 24 November 2025
(c&d) 16 December 2025
(e) 19 November 2025
(f) 05 November 2025
(g) 16 December 2025
FOI-0240-2025,Oireachtas/Public Representative,23 October 2025
I am seeking access to any records relating to the preparation for Budget 2026 and the level of
intervention for household energy supports.
This may include internal analysis,briefing notes,correspondence within the department,with
other departments,and outside stakeholders.
If possible,I would appreciate if the records could cover the period from 1 January 2025 to the
present. I am not seeking routine administrative correspondence such as arranging meetings
"and the like.,Part-granted,21 November 2025"
FOI-0239-2025,Journalist,22 October 2025
Any communications between the board/ceo of the Maritime Area Regulatory Authority
"(MARA) and Minister Darragh O'Brien between January 2025 and today.,Granted,14 November 2025"
FOI-0238-2025,Journalist,21 October 2025
A copy of any correspondence (including attachments) with the chair of the board of Inland
"Fisheries Ireland. Period: 1 January 2025-present.,Part-granted,19 November 2025"
FOI-0237-2025,Journalist,20 October 2025
• A copy of the most up-to-date tracker for the implementation of recommendations
from audits;
• A list of all audits carried out in the last two years to include the month and year of the
"audit and the overall assurance rating;,Part-granted,18 November 2025"
FOI-0236-2025,Journalist,20 October 2025
Minutes of meeting(s) held between Minister O'Brien and Tom O'Brien + Bríd Horan of Nephin
Energy,between the dates of 1 May,2025 to 31 Aug,2025.
Copy of any emails/letters sent from Nephin Energy to Minister O'Brien/Dept of Environment n
"the same timeframe.,Part-granted,18 November 2025"
FOI-0235-2025,Journalist,20 October 2025
Minutes of meeting(s) held between Minister O'Brien and Blaine Gaffney [or any other member
of] MSD between the dates of 1 Sep,2025 to 17 Oct,2025.
Copy of the letter sent from MSD to Minister O'Brien/Dept of Environment in the same
"timeframe.,Transferred,24 October 2025"
FOI-0234-2025,Journalist,17 October 2025
I am requesting access to any records held by the Department of the Environment,Climate and
Communications from US-based companies,industry associations,or lobby groups concerning
Coimisiún na Meán’s role as Ireland’s Digital Services Coordinator under the EU Digital Services
Act (DSA).
The records sought should cover the period 20 January 2025 to 17 October 2025.
To assist with the search,this request includes correspondence from or on behalf of the
following organisations or their representatives:
-Meta (Facebook / Instagram)
-Google / YouTube (Alphabet Inc.)
-X Corp (Twitter)
-TikTok (Bytedance)
-Microsoft
-Amazon
-Apple
-NetChoice
-Chamber of Progress
-Computer & Communications Industry Association (CCIA)
-TechNet
-Heritage Foundation
-The Federalist Society
-Media Research Center (MRC)
-America First Legal
"-America First Policy Institute,Withdrawn,06 November 2025"
FOI-0233-2025,Journalist,17 October 2025
I request the following records concerning the following lobbying returns:
https://www.lobbying.ie/return/129850/vermilion-exploration--production-ireland-ltd
https://www.lobbying.ie/return/131965/shamrock-renewable-products-limited
Please include all documents provided by the lobbying party,as well as notes or minutes from
any meetings and all departmental or ministerial correspondence returned to the lobbying
party.
Please also include internal records concerning these lobbying events including memos,
speaking notes,briefings,and preparatory and follow-up internal correspondence on the
matters raised at the initial meeting.
"Please exclude administrative emails related to setting up or organising meetings.,Part-granted,17 November 2025"
FOI-0232-2025,Journalist,14 October 2025
All correspondence between The Department (principal officer grade or higher) and the
following in relation to increase energy prices,dated between 01/09/25 and 14/10/25-
Energia.
Bord Gáis.
SSE Airtricity.
All correspondence between Minister Darragh O'Brien and the following in relation to increase
energy prices,dated between 01/09/25 and 14/10/25-
Energia.
Bord Gáis.
"SSE Airtricity.,Part-granted,13 November 2025"
FOI-0231-2025,Journalist,24 October 2025
I would like to request all documents and letters exchanged between the Department of
Climate,Energy and Environment and the European Commission regarding the EU Emissions
Trading System,where the Department have put forward their position regarding the cost of
compliance.
I would like this request to cover the period from June 30,2024 to the present day.
I would like the request to cover all the communication from the Department to the
Commission and the from the Commission to the Department.
I would like to ensure all letters to and from Minister Darragh O'Brien and the EU Commission
regarding the EU Emissions Trading System and the cost of compliance are included in this
"request.,Refused,24 November 2025"
FOI-0230-2025,Member of the Public,08 October 2025
 Any correspondence from the residents of Green Street in Cork City regarding rodent
infestations in homes and on the streets.
 Any correspondence from private landlords documenting rodent infestations in homes
and on the street on Green Street in Cork City,on behalf of their tenants.
 Any documentation or minutes of meetings regarding the rise of rodent infestations in
Green Street and the surrounding areas.
I would like this information to be provided from 2024 to 2025,electronically and in its
"original format.,Transferred,14 October 2025"
FOI-0229-2025,Oireachtas/Public Representative,08 October 2025
My request relates to reports that data centres will be powered by offsite fossil fuel generation
connected to data centres by private wires.
I request access to any and all records held by your Department concerning this matter
including but not limited to:
1. Correspondence,reports,briefings,or internal communications regarding the
development,approval,or regulation of data centres being powered by offsite fossil
fuel generation through private wire connections;
2. Any assessments,environmental impact evaluations,or policy discussions relating to
the use of fossil fuel generation to supply data centres through private wires;
3. Records of engagement with private companies,energy providers,or data centre
operators regarding such private wire connections,including meetings,minutes,or
memos;
4. Any communications with the Commission for Regulation of Utilities (CRU),EirGrid,or
local authorities about this issue.
For clarity,"this request covers records created from 1 January 2025 to the present.,Part-granted,04 November 2025"
FOI-0228-2025,Journalist,14 October 2025
All correspondence regarding Lithium ion batteries between Mr Philip Nugent and the Irish
Waste Management Association,"in the last year dating October 2024- October 2025.,Part-granted,07 November 2025"
FOI-0227-2025,Journalist,08 October 2025
1. Copy of comprehensive report submitted by the chair of Bord na Mona to the Minister
for Climate,Energy and Environment in 2025 in accordance with paragraph 2.6 of the
Code of Practice for the Governance of State Bodies in conjunction with the annual
"reports of the company for 2024.,Refused,07 November 2025"
FOI-0226-2025,Journalist,08 October 2025
All communications from State company ESB Networks (a subsidiary of ESB) relating to the
demand for electricity,likely to result from the Government’s housing target of 300,000 new
homes by 2030,to the minister and any department official,ranked assistant principal officer
and above,dating from the appointment of the current minister,Darragh O’Brien,in January
"2025.,Part-granted,06 November 2025"
FOI-0225-2025,Journalist,08 October 2025
All communications from State company Eirgrid plc relating to the demand for electricity,likely
to result from the Government’s housing target of 300,000 new homes by 2030,to the minister
and any department official,ranked assistant principal officer and above,dating from the
appointment of the current minister,Darragh O’Brien,"in January 2025.,Part-granted,06 November 2025"
FOI-0224-2025,Member of the Public,07 October 2025
I wish to request access to any record which shows the total amount of money spent by your
office / department on lights,light fittings,light shades,non-standard bulbs,or other lighting related purchases.
This request can be limited to -
1. purchases arising since 18 December,2024 (the first sitting date of the current Dáil;
2. equipment / goods purchased for use in rooms in government departments occupied by
ministers of State and members of the cabinet; and
3. equipment / goods purchased for use in rooms in the Oireachtas occupied by senators,TDs,
ministers of State and members of the cabinet;
It can further be limited to exclude expenditure which was genuinely routine in nature - e.g.
replacement of blown bulbs,and to exclude any replacement / work which was undertaken
exclusively on safety grounds.
Although you are required by the FOI Act to disregard any reason for a request under the Act,it
may help to know that I am hoping to identify expenditure on lights / lighting which arose
"following a request by any member of the Oireachtas.,Granted,10 October 2025"
FOI-0223-2025,Member of the Public,06 October 2025
I wish to request access to any record which shows the total amount of money spent by your
office / department on floor covering (carpets,carpet tiles,linoleum,wooden tiles,solid or
semi-solid wood,"or any other type of floor covering) in 2025.,Granted,09 October 2025"
FOI-0222-2025,Oireachtas/Public Representative,06 October 2025
I would like to request records of the updates from the CRU's retail team on key market metrics
(e.g. arrears,etc.). I would like to request correspondence between CRU and DCEE in relation to
these updates as well as the updates themselves. I would also like to request records internal
to DCEE related to the CRU metrics. This may include briefing notes,analysis,emails,and so on.
"I would like to limit the request in time from 1 July to present.,Part-granted,04 November 2025"
FOI-0221-2025,Journalist,06 October 2025
• All departmental correspondence,both internal and external,sent between January 1,
2023,and present day (October 6,2025) that contains both of the keywords Xinjiang and
solar
• All departmental correspondence,both internal and external,sent between January 1,
2023,and present day (October 6,2025) that contains both of the keywords Uyghur and
solar
• All departmental correspondence,both internal and external,sent between January 1,
2023,and present day (October 6,2025) that contains both of the keywords Uighur and
solar
Clarification received 07/10/2025
I am specifically interested in correspondence that contains the previously mentioned
keywords for the previously mentioned dates and:
• Relates to procurement for solar farms OR solar panels for state facilities
• Was sent to or from the minister or ministers of state
• Was sent to or from Assistant Secretary Matt Collins
• Correspondence between the department and companies involved in the construction
and delivery of solar projects including:
o ESB
o Bord na Mona
o Neoen
o Power Capital Renewable Energy
o Voltalia
o H&MV Engineering
o S&G Solar Ltd
"o Wills Bros Group,Part-granted,05 November 2025"
FOI-0220-2025,Member of the Public,06 October 2025
The total number of staff recruited at the Clerical Officer,Executive Officer and Higher
Executive Officer grades for 2024 and 2025 (year to date).
A breakdown of how posts were filled (i.e,if they were filled through open recruitment,
internal promotion or mobility) for 2024 and 2025 YTD
Confirmation as to whether the Department fulfilled it's obligations under the Civil Service
Mobility Scheme to fill 1 in 2 vacancies at CO grade,25% at EO grade,and 1 in 6 vacancies at
HEO grade through Mobility in 2024. Also,confirmation is the same obligations have been
"reached for 2025 (YTD) or if they are projected to be reached.,Granted,28 October 2025"
FOI-0219-2025,Journalist,06 October 2025
• A copy of any correspondence (including attachments) with senior management or the
board of Inland Fisheries Ireland concerning any issues raised with the department related to
the incident/accident and/or uninsured vehicles (which,for context,was discussed at the PAC
hearing in July 2023 and April 2024. Period: 1 January 2025-present
• A copy of any correspondence (including attachments) with senior management or the
board of Inland Fisheries Ireland concerning any protected disclosures received concerning
Inland Fisheries Ireland. Period: 1 January 2025-present,(a) Refused
"(b) Refused,(a) 03 November 2025"
(b) 20 October 2025
FOI-0218-2025,Journalist,08 October 2025
• A record of relevant correspondence to the Minister regarding changes to the proposed
model aimed at reducing the use of paper and plastic cups typically used as coffee cups.
• A record of any submissions made regarding new intended proposals to reduce the use
of paper and plastic cups typically used as coffee cups,dated between June 1 and the date of
"this request,Part-granted,15 October 2025"
FOI-0217-2025,Journalist,01 October 2025
I am seeking information relating to the sale of the former Bord na Móna plant at Littleton,Co
Tipperary,to Sabrina Integrated Services.
Bord na Móna entered into a partnership with this company to recycle plastics at the facility. I
request:
 All notes,records and documents concerning the partnership between Sabrina
Integrated Services and Bord na Móna,including details of how the partnership
operated.
 The sale price of the Littleton plant,its market value at the time of sale,details of the
transaction,and all reports or documents concerning the intended use of the property
after the change of ownership in late 2020.
 Any information on whether funds from the Immigrant Investor Programme (IIP) were
used in the transaction.
 Copies of all notes,emails and records of representations from elected politicians to the
Department or Bord na Móna concerning the use of the facility,both prior to the
partnership with Sabrina Integrated Services and in relation to the subsequent sale.
 Records of any meetings held to arrange the partnership and/or sale of the facility,
including agendas,minutes,notes,and a list of attendees
 I would also like information on how the sale of this premises was accounted for by the
"Department and Bord na Mona.,Granted,30 October 2025"
FOI-0216-2025,Journalist,01 October 2025
Seeking a list of esubmissions submitted to the Minister for Environment,Climate and
Communications through the e-submissions channel.
"I wish for my request to cover the period from 01-09-2025 - 30-09-2025.,Granted,27 October 2025"
FOI-0215-2025,Journalist,30 September 2025
I am seeking a copy of the following ministerial submissions:
- Climate Finance Expenditure for 2025
- An Post CEO Remuneration Increase Request
- Clean Air Strategy 2025 Progress Report
- Dublin Pride 2025 Sponsorship,(a) Granted
(c) Granted
"(d) Granted,(a) 16 October 2025"
(c) 24 October 2025
(d) 04 November 2025
FOI-0214-2025,Business / Interest Group,25 September 2025
I am writing to formally request access to records concerning planned Information and
Communication Technology (ICT) procurements for the current financial year (2025/26). As
part of our organisation’s interest in understanding upcoming ICT procurement initiatives,I
kindly request access to the following information:
1. Details of the ICT budget and planned ICT projects or initiatives for the current financial year
(2025/26).
2. Documentation outlining planned ICT procurements for FY 2025/26,including (but not
limited to) hardware,software,ICT maintenance agreements,"and related services.,Refused,23 October 2025"
FOI-0213-2025,Journalist,24 September 2025
I am looking for records related to the revision of the EU's urban waste water directive during
the period January 2024 until the present.
Specifically,I would like access to records related to contacts between the
minister/department and Novartis,MSD,Teva Pharmaceuticals,Clonmel Healthcare,Abbvie,
Roche,the Irish Pharmaceutical Healthcare Association,the Alliance of Medicines for Ireland
"and Instinctif Partners Public Affairs Ireland.,Granted,20 November 2025"
FOI-0212-2025,Journalist,24 September 2025
I am seeking a copy of the following reports:
- Strengthening Energy Regulation Oversight (European Economic Research).
- A review of climate communications and engagement in Ireland (George Marshall).
- Interim evaluation report on the NBP (Ernst & Young)
- Environmental Monitoring of Historic Mines (MKO Ireland),(a) Refused
"(b) Part- granted,(a) 08 October 2025"
(b) 22 October 2025
FOI-0211-2025,Journalist,24 September 2025
I request the following records from GSI to cover the period 1 June 2024-present:
• A copy of any site inspection reports,assessments or reports concerning the tailings
management facility at the Silvermines complex in Co Tipperary;
• A copy of any correspondence with the internal audit unit in DCEE concerning the
"tailings management facility at the Silvermines complex in Co Tipperary,,"
FOI-0210-2025,Member of the Public,23 September 2025
1. Records (since 1 January 2022) of cyber incidents attributed or suspected to involve
Russian state actors,or their proxies,that targeted Irish critical infrastructure or government
systems.
2. Internal risk assessments,briefing notes,or correspondence referring to increased
Russian cyber or disinformation activity linked to the war in Ukraine.
3. Records of communications between the NCSC and EU/NATO partners on coordinated
"responses to Russian cyber threats.,Transferred,26 September 2025"
FOI-0209-2025,Journalist,23 September 2025
The submissions collected in response to the department's Public Consultation on the
Feasibility of Transitioning Ireland's Waste Collection Market from its Current Side-by-Side
"Licensing System to a Franchise Tendering System between 1 May and 10 June 2025.,Refused,04 November 2025"
FOI-0208-2025,Journalist,23 September 2025
I request the following records within the period 1 January 2024-present:
1)A copy of the recent audit of the Digital Hub Development Agency (DHDA) with an overall
rating of “Unsatisfactory”;
2)A copy of the recent Travel and Subsistence Audit
3)A copy of the recent Celtic Interconnector audit;
4)A copy of the recent Climate Action Plan - Process for Tracking Delivery of DECC Actions audit
5)The audit committee meeting in April 2025 discussed a potential fraud incident with an
agency with an update report and/or lessons learned report were discussed/provided. Please
"release a copy of any such records.,Part-granted,12 November 2025"
FOI-0207-2025,Journalist,22 September 2025
The application is for all correspondence received by the Assistant Secretary from Eli Lilly or its
representatives since January 1,2025
The application should include,but not be limited to,the records related to this return on the
"Lobbying Register: https://www.lobbying.ie/return/131682/eli-lilly-and-company,Transferred,24 September 2025"
FOI-0206-2025,Journalist,22 September 2025
The application is for any correspondence received by Google,or the minutes of any meetings
held with its representatives,on the subject of regulatory alignment,simplification and
competitiveness at national and EU levels.
The application should include any records relating to this meeting referred to in the Lobbying
"Register - https://www.lobbying.ie/return/131762/google-ireland-limited,Transferred,24 September 2025"
FOI-0205-2025,Journalist,22 September 2025
Any emails,letters,correspondence,briefing notes,memos and meeting notes held in relation
to meetings held between Darragh O'Brien and Vermillion between May 1 and August 31st,
2025,"as per this lobbying return,Part-granted,20 October 2025"
FOI-0204-2025,Journalist,22 September 2025
Minutes of meeting(s) held between Darragh O'Brien,Minister and Aine Doyle,Special Adviser,
and Stephen Garvey of Glenveagh,between the dates of 1 May,2025 to 31 Aug,"2025.,Granted,20 October 2025"
FOI-0203-2025,Journalist,22 September 2025
I am seeking copies of the following esubmissions and ancillary documents:
- Response to request for Ministers observations to ABP 322568-25
- Letter to Office of Ceann Comhairle
- Correspondence to the Ceann Comhairle regarding PQ 42032/25
- Standing Order 55 in respect of PQ Ref: 43013/25
I wish for my request to cover the period from 1/1/2025 - 21/9/2025.,(a)Granted
(c)Granted
"(d) Granted,(a)15 October 2025"
(c)20 October 2025
(d)03 October 2025
FOI-0202-2025,Member of the Public,18 September 2025
"I am requesting all Government records containing reference to the term Geoengineering,Refused,17 October 2025"
FOI-0201-2025,Journalist,12 September 2025
The application is for all correspondence with Corio Generation since January 1,2022,in
relation to the performance security guarantee it lodged with the Government in relation to
"the Sceirde Rocks Windfarm development.,Part-granted,10 October 2025"
FOI-0200-2025,Business / Interest Group,11 September 2025
1. A list or summary of cases (from 2011 to present) in which cost protection under the
Aarhus Convention (Article 9) or Irish implementing laws (including Section 50B of the
Planning and Development Act 2000,or the Environment (Miscellaneous Provisions) Act
2011) was granted,applied,or recognised in judicial proceedings.
2. Any records (internal reports,correspondence,or summaries) held by the Department
identifying:
 Individuals,organisations,or NGOs who were granted Aarhus based protective
cost status in court cases involving environmental matters.
 Statistical summaries or case tracking information of such beneficiaries,if
"maintained.,Refused,07 October 2025"
FOI-0199-2025,Journalist,10 September 2025
I would like to request the contents of a letter,dated 16th December 2024,from the Irish
Waste Management Association (IWMA),to Mr Philip Nugent of the Department of Climate,
Energy and the Environment,with the subject line Li-ion batteries.
"I would also like to request any following correspondence between the two parties.,Granted,08 October 2025"
FOI-0198-2025,Journalist,10 September 2025
• Any emails,letters,correspondence,notes,memos and meeting minutes sent in
connection to the Minister O'Brien meeting with Aer Cap during the summer
• Any follow-up emails or correspondence between the Minister and Aercap officials after
"the meeting and any correspondence detailing future meetings.,Transferred,15 September 2025"
FOI-0197-2025,Journalist,10 September 2025
• Any emails,letters,correspondence,notes,memos and meeting minutes sent in
connection to the Minister O'Brien meeting with Vermillion during the summer
• Any follow-up emails or correspondence between the Minister and Vermillion after the
"meeting and any correspondence detailing future meetings.,Part-granted,08 October 2025"
FOI-0196-2025,Journalist,10 September 2025
• Any emails,letters,correspondence,notes,memos and meeting minutes sent in
connection to the Minister O'Brien meeting with EDF renewables in June
• Any follow-up emails or correspondence between the Minister and EDF after the
"meeting and any correspondence detailing future meetings.,Part-granted,08 October 2025"
FOI-0195-2025,Journalist,10 September 2025
• Any emails,letters,correspondence,notes,memos and meeting minutes sent in
connection to the Minister O'Brien meeting with Nephin Energy CEO in June
• Any follow-up emails or correspondence between the Minister and Nephin after the
"meeting and any correspondence detailing future meetings.,Part-granted,20 October 2025"
FOI-0194-2025,Journalist,10 September 2025
• Any emails,letters,correspondence,notes,memos and meeting minutes sent in
connection to the Minister O'Brien meeting with Aer Lingus in April
• Any follow-up emails or correspondence between the Minister and Aer Lingus officials
"after the meeting and any correspondence detailing future meetings.,Transferred,15 September 2025"
FOI-0193-2025,Journalist,10 September 2025
 Any emails,letters,correspondence,notes,memos and meeting minutes sent in
connection to the Minister O'Brien meeting with Kevin Miller from Amazon Web
Services in March 2025.
 Any follow-up emails or correspondence between the Minister and Amazon officials
"after the meeting and any correspondence detailing future meetings.,Part-granted,10 October 2025"
FOI-0192-2025,Journalist,03 September 2025
1. Correspondence/communications held by the Department of Climate,Environment and
Energy between the Department,its Ministers and/or senior officials and any or all of the
following:
The Alliance for Zero Carbon Heating (TAZCH)
Fuels For Ireland
UK and Ireland Fuel Distribution Association (UKIFDA)
Oil Firing Technical Association (OFTEC)
from June 1 2024 to the present.
2. Correspondence/communications between the Department and its Ministers and/or senior
officials internally or with other Departments,their Ministers and/or senior officials in relation
to correspondence/communications from the organisations listed above,also from June 1 2024
to the present.,(a) Part- granted
"(b) Part granted,(a) 29 September 2025"
(b) 01 October 2025
FOI-0191-2025,Journalist,02 September 2025
• Copies of all correspondence between Minister Darragh O'Brien and representatives
of Meta,Apple,Microsoft,Intel,X,Google,Tik Tok,Amazon,Amazon Web Services.
• Copies of the minutes of all meetings between Mr O'Brien and representatives of the
same companies.
"The time period can be limited to 12/6/2025 to 2/9/2025.,Withdrawn,12 September 2025"
FOI-0190-2025,Journalist,02 September 2025
I am seeking a copy of the following ministerial submissions. With regard to the BnaM CEO,
please note that the annual salary attached to this role is published as a matter of course in
their annual report.
- Bord na Móna CEO three-year contract extension and remuneration increase
- Ministers briefing for meeting with William Walsh
- SEAI Request for Consent to Lease New Accommodation
- Briefing for Minister O’Brien’s meeting with ESB
- Briefing for the Minister – CRU
- RTE v Office of the Commissioner for Environmental information and Art 267 referral to
CJEU
- Ministerial Letter and Business Case Regarding Bord na Móna CEO Remuneration
- Bord na Móna CEO three-year contract extension and interim remuneration increase
- Bord na Móna CEO Contract Offer and Extension
- Abandonment Sceirde Rocks offshore wind project,(a) Part- Granted
(b) Part Granted
(c) Part Granted
(d) Part Granted
(e) Part Granted
"(f) Refused,(a) 30 September 2025"
(b) 16 September 2025
(c) 24 September 2025
(d) 29 September 2025
(e) 30 September 2025
(f) 26 September 2025
FOI-0189-2025,Journalist,01 September 2025
I wish to request access to the following records/details:
• Any minutes from the National Energy Affordability Taskforce meetings to date
• Any internal department briefings prepared on the basis of National Energy
"Affordability Taskforce proposals.,Part-granted,29 September 2025"
FOI-0188-2025,Journalist,01 September 2025
I wish to request access to the following records/details:
• Any letter/email communications between Minister Darragh O'Brien and the ceo or
chair of Eirgrid between February 2025 and now.
• Minutes from meetings between the minister and Eirgrid's ceo or chair.
• Any internal briefings prepared in advance of those meetings for the minister.,(a)Part- granted
"(b)Part - Granted,(a) 03 October 2025"
(b) 25 September 2025
FOI-0187-2025,Journalist,01 September 2025
I wish to request access to the following records/details between February this year up to the
current date.
• Any email communications,minutes of meetings,and internal briefings linked to the
following meetings in the ministers diary
o Jarlath Trench,Vermilion - 26th June
o Kevin McPartlan,Fuels for Ireland,25 June
o Tom O'Brien,Nephin Energy,24 June
o EDF Renewables,25th June,(a) Part- granted
(b) & (c) Part granted
"(d) Part granted,(a) 03 October 2025"
(b) & (c) 20 October 2025
(c) 29 October 2025
FOI-0186-2025,Journalist,01 September 2025
I wish to request access to the following records/details between February this year up to the
current date.
• Any communications between tech companies Amazon,Meta,Google and Equinix and
the minister.
• Any briefings for the minister prepared in advance of meetings with the above.
"• Minutes from those meetings.,Part-granted,29 September 2025"
FOI-0185-2025,Journalist,01 September 2025
Seeking a list of esubmissions submitted to the Minister for Environment,Climate and
Communications through the e-submissions channel.
"I wish for my request to cover the period from 01-08-2025 - 31-08-2025.,Granted,21 September 2025"
FOI-0184-2025,Journalist,01 September 2025
Seeking copies of the following esubmissions and ancillary documents:
- Commission Assessment of Ireland's National Energy Climate Plan
- Aughinish Alumina suspension from ex-ante electricity markets
- Letters to CRU,ESBN and GNI regarding consumer protection the electricity and gas domestic
markets
- Letter to CRU regarding Household Electricity and Gas Arrears
- Urban electricity supply letter to ESB and EirGrid
I wish for my request to cover the period from 1/1/2025 - 31/8/2025,(a)Part- granted
(b) Part granted
"(c) Granted,(a)25 September 2025"
(b) 17 September 2025
(c) 25 September 2025
FOI-0183-2025,Journalist,28 August 2025
I would like to request copies of all records for the period 1 January 2020 to date relating to:
(a) any contracts or other commercial agreements for the provision of media monitoring
services to include all tender documents,the name of the third party service provider(s),the
cost of the service – with a breakdown if the cost is apportioned across different elements of
the overall service,"and the current term of the contract.,Withdrawn,25 September 2025"
FOI-0182-2025,Journalist,27 August 2025
Seeking copies of the following esubmissions and ancillary documents:
- Reply to Minister for Public Expenditure on NDP Review
- Oil Market Update following Israel/Iran developme
- The Commission for Regulation of Utilities (CRU) 2025 Work Plannts
- Letter to Moneypoint Power Station Manager
- Dublin Pride 2025 Sponsorship
I wish for my request to cover the period from 1/1/2025 - 28/8/2025.,(a) Granted
(b) Granted
(c) Part Granted
(d) Granted
"(e) Granted,(a) 24 September 2025"
(b) 30 September 2025
(c) 24 September 2025
(d) 03 October 2025
(e) 23 September 2025
FOI-0181-2025,Journalist,21 August 2025
I request the following records concerning Re-turn and the deposit return scheme;
1. Any overview,briefing or analysis concerning Vat which Re-turn must pay to Revenue or
settle with Revenue on income from unredeemed deposits (Period: 1 January 2025-present);
2. Any correspondence (including attachments) with Re-turn concerning Vat payments/
settlements on income from unredeemed deposits (Period: 1 January 2025-present);
3. Records since 1 August 2023 related to the lobbying activities in the following return:
https://www.lobbying.ie/return/99809/deposit-return-scheme-ireland-clg
• Please include all documents provided by the lobbying party,as well as notes or
minutes from any meetings and all departmental or ministerial correspondence returned to the
lobbying party. Please also include internal records concerning these lobbying events including
memos,speaking notes,briefings,and preparatory and follow-up internal correspondence on
the matters raised at the initial meeting. Please exclude administrative emails related to setting
up or organising meetings.
Clarification received 26/08/2025
"I can reduce the timeframe in part 3 to the end of December 2023,Part-granted,23 September 2025"
FOI-0180-2025,Oireachtas/Public Representative,21 August 2025
The correspondence sent by Minister Darragh O'Brien to An Comisiún Pleanála,which was due
to be sent on Thursday August 7th,2025,in relation to the Government's policy on a liquified
"natural gas terminal.,Refused,28 August 2025"
FOI-0179-2025,Member of the Public,21 August 2025
I hereby request access to all records held by the Department of Environment,Climate and
Communications (DECC) relating to the Proposed Belville Solar Farm project.
For clarity,this request refers to the proposed solar farm development by Power Capital
Renewable Energy (PCRE),located near Belville,Monivea,Co. Galway,commonly referred to as
the “Belville Solar Farm.” This includes any associated grid connection or infrastructure works
linked to this development,and any records where the project is referred to under a different
internal name or reference.
This request also covers any proposed Phase 2 or Phase 3 expansions,whether publicly
announced or not,and any Battery Energy Storage System (BESS) or fire safety-related
assessments. Additionally,I request any records relating to funding,incentives,approvals,or
policy guidance provided to the project.
Specifically,I request:
1. Funding,Policy,and Approval Records
Applications,correspondence,or approvals regarding funding,grants,incentives,or other
support for the Belville Solar Farm.
Records of internal advice,policy assessments,or evaluations regarding eligibility,compliance,
or energy policy alignment.
Internal memos,minutes,or briefings concerning Phase 2/3 expansions,BESS/fire safety,or grid
connection matters.
2. Correspondence and Engagement
Emails,letters,or meeting notes between DECC and the project developer (PCRE) or their
representatives.
Correspondence between DECC and Galway County Council,ABP,EPA,NPWS,EirGrid,ESB
Networks,Irish Water,Irish Water,Irish Rail,SEAI,ISIF,or other statutory bodies regarding the project.
Internal discussions regarding community benefit funds,investment oversight,or
environmental compliance.
3. Geospatial and Mapping Data
Any maps,GIS data,or spatial analyses showing the project area in relation to grid connections,
renewable energy infrastructure,or policy zones.
Records showing constraints,overlays,or mitigation measures relevant to energy policy,grid,
"and environmental compliance.,Withdrawn,21 August 2025"
FOI-0178-2025,Journalist,19 August 2025
 A copy of the most up-to-date version of the risk register(s) for the Department;
 A copy of the last three internal audits carried out within the Department;
 A copy of the last three audits of the organisation carried out by external auditors at the
request of the department,a parent State body or any other arm of the Government or
State [excluding Annual Report and Financial Statements];
 A copy of the last three audits carried out by the department or commissioned by the
department of any entities sitting below it,supported by it or funded by it;
 A copy of the minutes of the last five audit and risk committee (ARC) meetings,(a) Part- granted
"(b) Part granted,(a) 16 September 2025"
(b) 16 September 2025
FOI-0177-2025,Client,15 August 2025
1. Any correspondence,documentation or other forms of data within the remits of the AIE
regulations which contains information on whether or not Ireland has received a derogation
from the EU ETS2.
2. Any correspondence,documentation or other forms of data within the remits of the AIE
regulations which contains information on when a decision on Ireland’s application for a
derogation is expected from the European Commission,if no derogation has yet been received.
3. Any response from the European Commission to Ireland’s application for a derogation,which
specifies a date and reference number.
4.Any correspondence,documentation or other forms of data within the remits of the AIE
regulations which contains information on what factual and legal basis the derogation was
sought.
"I also request this information under the Freedom of Information Act 2014,Withdrawn,01 September 2025"
FOI-0176-2025,Client,14 August 2025
1. All records held by you in respect of The Petroleum Lease for further discovery of petroleum
as set out clauses 7.1 to 7.3 of the Petroleum Lease.
2. All records held by you in respect of Periodic Returns and Access to Information as per clause
11 of The Petroleum Lease including:
a) Annual lease returns
b) Monthly production reports
c) Quarterly authorisation reports
"d) Monthly project progress report,Refused,11 September 2025"
FOI-0175-2025,Member of the Public,11 August 2025
How much of public resources in total,have been spent on infrastructural cost,and related
"costs for /broadband/internet/Telecoms since 2010?,Transferred,11 August 2025"
FOI-0174-2025,Member of the Public,07 August 2025
I'm applying under the FOI Act for all papers sent and received either by Fax/Emails/Letters by
Ms. Kilda Taylor of the Irish Department of the Marine and Natural Resources to ROINN AN
TAOISIGH regarding the Foyle,Carlingford and Irish Lights Commission between the 1st of
February 2000 until the end of 2000 and to include all papers received from the UK Department
of Employment,Transport and the Regions and to include all replies. Copies of any draft
letters/letters sent to the Minister for clearance regarding DETR papers to be included in this
"FOI request also please. All information can be sent electronically .,Refused,23 September 2025"
FOI-0173-2025,Journalist,06 August 2025
1. The following esubs (which were released in a list under FOI-0270-2025)
February
- IDA Strategy 2025-2029
- Update on US trade policy
- Letter to Minister O'Callaghan re National Security
Authority
April
- Post enactment report: Employment (Collective
Redundancies and Miscellaneous Provisions) and
Companies (Amendment) Act 2024
- Approval of Ireland's Proposed Intervention in the case
T-15/25 Nvidia v European Commission
May
- Ministerial Correspondence: Action Plan for
Competitiveness and Productivity and the Cost
of Business Advisory Forum
June
- Economic Assessment of Green Energy Park
Concepts Report
- Review of Economic Impact Assessments of the
Potential for Offshore Wind Energy
"- AI Regulatory Guidance Sandbox: Proposal,Withdrawn,07 August 2025"
FOI-0172-2025,Journalist,06 August 2025
A copy of all submissions made to The Department of Public Expenditure & Reform as part of
"the National Development Plan review.,Part-granted,03 September 2025"
FOI-0171-2025,Journalist,06 August 2025
All representations,including letters and emails,made by the following to Minister O'Brien,
dated between 01/02 and 05/08-
-Intel.
-Microsoft.
-Amazon.
-Apple.
-Google.
-IBM.
-Pfizer.
"-Eli Lilly.,Refused,03 September 2025"
FOI-0170-2025,Journalist,05 August 2025
"A list of all submissions prepared for the minister in the period 1 Jan 2025 to date.,Granted,30 August 2025"
FOI-0169-2025,Journalist,05 August 2025
I request the following records from 1 June 2025-present about the following :
A copy of any briefings or memos concerning any proposed,planned or confirmed (short-term)
extension to the NDRC,the state’s national accelerator programme;
A copy of minutes of meetings and/or presentations from meetings concerning the NDRC with
officials from any of the following: Dogpatch Labs; Department of Enterprise; Enterprise
"Ireland; and/or DCCS;,Transferred,06 August 2025"
FOI-0168-2025,Journalist,01 August 2025
A list of esubmissions submitted to the Minister for Environment,Climate and Communications
through the e-submissions channel.
"I wish for my request to cover the period from 01-07-2025 - 31-07-2025.,Granted,30 August 2025"
FOI-0167-2025,Member of the Public,29 July 2025
I would like to request details regarding press and communications staff working on behalf of
the department.
Please disclose the following,both in terms of head count and full-time equivalent:
1. The number of press and communications staff.
2. A breakdown of these staff by job title (e.g. number of press officers,heads of press office,
directors of communications,social media staff,etc).
"3. The overall spend on salaries for these staff in the year 2024/25.,Granted,25 August 2025"
FOI-0166-2025,Member of the Public,29 July 2025
I wish to request details in relation to pressers,press conferences and media interviews
involving ministers.
By press conferences,I mean events to inform the press about a subject or announcement at
which the minister(s) answers questions from journalists present.
By pressers,I mean press opportunities where the minister(s) would make time in their
schedules to answer questions from the assembled press.
By interviews,I mean one-to-one interviews between the minister(s) and a media or social
media outlet,whether that is on radio,television,podcasts,online or a newspaper publication.
For the six-month period in 2025 from January 1 to June 30,please disclose the following:
1. The number of press conferences held. For each,please give its date; location; subject; and
the minister(s) taking questions.
2. The number of pressers held. For each,please give its date; location; and the minister(s)
taking questions.
3. The number of interviews. For each,please give the date of the interview and/or its
publication date; the minister(s) being interviewed; the media or social media outlet,and if
applicable the specific programme (e.g. Morning Ireland); and the media format (e.g. TV,radio,
newspaper,"podcast).,Withdrawn,13 August 2025"
FOI-0165-2025,Journalist,29 July 2025
 Bord na Móna CEO three-year contract extension and remuneration increase
 Ministerial Letter and Business Case Regarding Bord na Móna CEO Remuneration
 Ministers briefing for meeting with William Walsh
 Briefing on IEA Analysis of Ireland’s Energy Security under Transitions towards 2035
 Briefing for Minister O’Brien’s meeting with ESB
 Briefing for the Minister - CRU
 Minister O’Brien Briefing Request: Second Circular Economy Strategy
 Ministerial Letter and Business Case Regarding Bord na Móna CEO Remuneration
 Data Centre Updates - LEU Connection Policy,Industry Roundtable and Grid Code
(March and April updates)
 Note for Minister on 10 year electricity security of supply forecast the 'National
Resource Adequacy Assessment'
 Bord na Móna CEO three-year contract extension and interim remuneration increase
 Ministerial Briefing Note: Technical meeting with AWS
 Fracked Gas & LNG Policy
 An Post CEO Remuneration Increase Request,(a) Part- Granted
(b) Part Granted
(c ) Part granted
(d) Part granted
(e ) Part- granted
(f) Granted
(g) Refused
(h) Part granted
"(I ) Part granted,(a) 17 September 2025"
(b) 18 September 2025
(c ) 22 August 2025
(d) 28 August 2025
(e ) 13 August 2025
(f) 12 August 2025
(g)20 August 2025
(h) 28 August 2025
(I ) 10 September 2025
FOI-0164-2025,Journalist,29 July 2025
1. Copy of submissions made by Department of Climate,Energy and the Environment
since 01 April 2025 to the Department of Public Expenditure regarding funding for
climate,energy and the environment to be provided under the revised National
Development Plan.
2. Copy of briefing material prepared by the Department for the Minister for Climate,
Energy and the Environment,Darragh O’Brien,for his bilateral meetings with the
"Minister for Public Expenditure regarding the revised National Development Plan.,Part-granted,27 August 2025"
FOI-0163-2025,Business / Interest Group,29 July 2025
All records of communications (including but not limited to emails,meeting minutes,briefing
documents,memos,agendas,presentations,or correspondence) between the Department and
the specified trade groups relating to:
 Irish Government’s preparations for COP30,including official positions,sectoral input,
or stakeholder engagement;
 Climate,sustainability,emissions,or land use policies in the context of COP30;
 Any consultations,meetings,or discussions between Department officials and such
trade groups on these matters.
The timeframe for this request is: 1 January 2024 to the present.
Trade Groups:
 Irish Farmers' Association (IFA)
 Irish Creamery Milk Suppliers' Association (ICMSA)
" Irish Cattle and Sheep Farmers' Association (ICSA),Refused,26 August 2025"
FOI-0161-2025,Member of the Public,16 July 2025
I am seeking access to the following records held by the Department,covering the period from
1 January 2025 to the present (16/072025):
Any assessments,reports,memos,correspondence,briefing materials,economic modelling,or
internal communications concerning the potential impact on electricity prices in the event that
liquefied natural gas (LNG) is sourced from Ireland’s planned emergency reserve.
To assist your search,I am particularly interested in:
• Wholesale or retail electricity price forecasts under scenarios involving emergency LNG
use;
• Economic or policy analysis examining the cost implications of importing LNG through
the reserve system;
• Risk assessments related to market price volatility or supply-side shocks,Refused,22 July 2025
FOI-0160-2025,Member of the Public,15 July 2025
Request for correspondence and meeting notes related to the mid term review of IIFPG
"between October 2023 and April 2025,Part-granted,30 July 2025"
FOI-0159-2025,Oireachtas/Public Representative,15 July 2025
I gather that the CRU's Retail Team provides updates to DECC on a monthly basis on some key
market metrics,of which arrears data is one. The report may be sent to DCEE Retail Energy
Policy and Regulation Division.
"I would like to request the reports from the last 12 months.,Granted,08 August 2025"
FOI-0158-2025,Journalist,15 July 2025
Any emails,letters,correspondence sent between Gas Networks Ireland and the Department in
relation to a business plan on an FSRU system and salt cavern storage as a means to protect the
"country's security of energy supply since January 2024.,Part-granted,13 August 2025"
FOI-0157-2025,Member of the Public,14 July 2025
Since 2022 details of courses provided or refund for employees in data protection law including
name of course,course provider,"course fee and duration.,Granted,01 August 2025"
FOI-0156-2025,Journalist,09 July 2025
A copy of any correspondence/letters/emails,sent and received,between the Minister and any
European commissioner,"between 1st February and 9th July 2025.,Granted,07 August 2025"
FOI-0155-2025,Journalist,07 July 2025
I am seeking copies of the following esubmissions and ancillary documents:
- Inland Fisheries Ireland 2023 Annual Report - Memorandum for the information of the
Government
- Climate Finance Expenditure for 2025
- Note for Info - 28 April Power Outage in Spain affecting its Nuclear Power Plants
- An Post CEO Remuneration Increase Request
- Update on the implementation of the Electricity Costs Emergency Benefit Scheme IV
- Cross Government Energy Affordability Task Force and Action Plan
I wish for my request to cover the period from 1/1/2025 - 6/7/2025.,(a) Granted
(b) Granted
(c) Granted
(d) Part Granted
"(e) Part Granted,(a) 05 August 2025"
(b) 14 July 2025
(c) 24 July 2025
(d) 12 August 2025
(e) 05 August 2025
FOI-0154-2025,Business / Interest Group,03 July 2025
Five environmental incidents over the three fiscal years 2021-2023 which were the most costly
for the Department of Climate,Energy,and the Environment in terms of the remediation
measures they led to which your department paid for,or records containing that information.
We are looking for the total cost per incident of the remediation measures and any report you
"prepared on each incident.,Refused,01 August 2025"
FOI-0153-2025,Journalist,02 July 2025
A list of all e submissions sent to the cabinet minister in your Department during the period
"January 1st-July 2nd this year,Granted,28 July 2025"
FOI-0152-2025,Member of the Public,02 July 2025
All documents regarding the sale of the freehold interests which the Minister sanctioned of the
1.17 hectares of reclaimed foreshore at Greencastle Harbour to Donegal County Council
"between 1st of January 1992 to end of 1993 please,Refused,25 July 2025"
FOI-0151-2025,Member of the Public,01 July 2025
The Department of the Environment stated on document JOC 29th June 2021 that there would
be an interim review in Q1 2023 of the IFFPG. An article in the Irish Independent reported by
Ciaran Moran on 29th April 2025 has stated that the IFFPG interim review is competed and I am
"requesting a copy of this review.,Refused,08 July 2025"
FOI-0150-2025,Journalist,01 July 2025
I am seeking a list of esubmissions submitted to the Minister for Environment,Climate and
Communications through the e-submissions channel.
"I wish for my request to cover the period from 01-06-2025 - 30-06-2025.,Granted,28 July 2025"
FOI-0149-2025,Journalist,01 July 2025
a copy of any briefings,submissions,memos,Q&As,or other such high-level documents
prepared for the minister or the secretary general with regard to an EPA report on illegal peat
extraction.
a copy of any correspondence between the department and the EPA with regard to the report
"in the period 1 Jan 2025 to date.,Part-granted,29 July 2025"
FOI-0148-2025,Business / Interest Group,25 June 2025
Records specific to the following lobbying engagements of Google with the department:
- https://www.lobbying.ie/return/126824/google-ireland-limited
"- https://www.lobbying.ie/return/121972/google-ireland-limited,Withdrawn,30 June 2025"
FOI-0147-2025,Journalist,24 June 2025
Any emails,letters,correspondence,briefings,memos,follow-up emails sent in relation to a
meeting between Geoscience Regulation Office (GSRO) and Europa Oil on May 22nd,"2025,Part-granted,22 July 2025"
FOI-0146-2025,Journalist,23 June 2025
All of the correspondence held by each department relating to corporate hospitality OFFERED
to and ACCEPTED by the minister of the day
I would like my request to date back one year from today
Clarification received 07/07/2025
request to cover the last year,to apply to records held by the ministers office,and I understand
corporate hospitality to mean a time when the minister asked for or was offered a
complementary gift or service on the basis of their position. So a free ticket or corporate
hospitality box for a gig,"or a meal,Refused,21 July 2025"
FOI-0145-2025,Journalist,20 June 2025
• any record which shows the budget set aside in your FOI body for the EU presidency in
2025 or 2026,and
• any record which shows staffing implications in 2025 and 2026 arising from the Irish EU
Presidency
I am seeking any single record,or the smallest number of records possible to provide the
information sought - I am not seeking any and all such records.,,,
FOI-0144-2025,Journalist,20 June 2025
I wish to request access to any record which show total expenditure in your FOI body in 2025
"on provision of free period products.,Granted,04 July 2025"
FOI-0143-2025,Oireachtas/Public Representative,19 June 2025
"All records relating to the EU-Egypt-Israel MoU on gas in the period October 2024 – present,Part-granted,17 July 2025"
FOI-0142-2025,Journalist,19 June 2025
Correspondence (from the period 1 Jan,2025 to 30 Apr,2025) between Patrick Neary
(Assistant Secretary Department of Environment,Climate and Communications) and Google
Ireland Limited related to the following Lobbying Register entry -
https://www.lobbying.ie/return/126824/google-ireland-limited
Minutes from meetings (held in the period 1 Jan,2025 to 30 Apr,2025) between Patrick Neary
(Assistant Secretary Department of Environment,Climate and Communications) and Google
Ireland Limited related to the following Lobbying Register entry -
"https://www.lobbying.ie/return/126824/google-ireland-limited,Transferred,25 June 2025"
FOI-0141-2025,Journalist,19 June 2025
1. Correspondence between the minister and officials above principal level or higher on NDRC,
the organisation which operates the national start-up accelerator,from May 01 to June 18,
2025
2. Correspondence between the department and NDRC over the same time period
2. Correspondence between the department and the Department of Enterprise over the same
"time period.,Transferred,20 June 2025"
FOI-0140-2025,Journalist,18 June 2025
1. Copies of all internal correspondence,within the department,related to the
attendance/invitation to attend,of any Minister,or Minister of State in the department,at any
meetings of the Council of the EU,between 20th January and 18th June 2025.
2. Copies of the diary of the Minister and any Ministers of State in the department,for the
calendar week of any Council of the EU meetings the department was invited to,between 20th
January and 18th June 2025.
(This request is being sent to every department,while the timeframe is wide,I suspect most
departments would only have one,maybe two,meetings where their Minister was invited to
attend a Council of the EU meeting in this period. This request would be for correspondence,
including but not limited to that related to planning and scheduling,in cases where the
Minister,or Minister of State,attended,"or could not attend),Part-granted,16 July 2025"
FOI-0139-2025,Member of the Public,16 June 2025
Please provide me with the training material your staff use to respond to FOI requests.
I am happy to take advice on how to amend the request if the volume of material is excessive.
My particular interest is in the guidance they are given on assumption of openness and how
they are instructed on how to apply exemptions. Not the background to the introduction of the
Act,",Refused,04 July 2025"
FOI-0138-2025,Member of the Public,13 June 2025
I wish to request a list of recommendations delivered by Ireland's multiple youth citizen
"assemblies on climate action and biodiversity loss that have been implemented by government.,Refused,14 July 2025"
FOI-0137-2025,Journalist,20 June 2025
- Any correspondence between the Electricity Association of Ireland (EAI) and department
officials to date this year,up to 13th June 2025,related to electricity/energy credits or other
efforts to help households pay their energy bills,
- Any correspondence between ESB Networks and department officials to date this year,up to
13th June 2025,related to electricity/energy credits or other efforts to help households pay
their energy bills,
- Any internal department correspondence (emails,briefing notes,memos,minutes of any
related meetings,WhatsApp and text messages,etc) related to meetings and correspondence
with EAI or ESB regarding electricity/energy credits or other efforts to help households pay
their energy bills,"also to date this year.,Part-granted,18 July 2025"
FOI-0136-2025,Oireachtas/Public Representative,13 June 2025
All records of correspondence with CEPA consultants in relation to energy security reports
commissioned by the department.
"I would like to limit the request to the last 12 months.,Refused,08 July 2025"
FOI-0135-2025,Journalist,12 June 2025
1. Correspondence between either Minister O'Brien or the Department's Secretary General and
the Chairpersons/Chief executives (or equivalent) in bodies under the Department's aegis
regarding Storm Eowyn
"2. From the date of the storm to date,Granted,10 July 2025"
FOI-0134-2025,Journalist,03 July 2025
To obtain details regarding representations related to nuclear energy over the past two years.
Specifically,I seek access to:
1. A list of all meetings,communications or engagements between the Department of
Climate,Energy and the Environment and lobbying organisations,industry
representatives or non-governmental organisations advocating for or against nuclear
energy and/or smaller modular reactors (SMRs).
2. To provide copies of any reports,memos,briefing documents,or correspondence from
January 2022 to the present that discuss current or potential future changes to
government policy regarding nuclear energy,particularly in the context of the ongoing
energy crisis and national climate targets. This includes consideration of adopting,
expanding,or revising the role of nuclear power in Ireland’s energy strategy.
Specifically,I’m interested in communication with internal bodies/organisations –
lobbying or representations or otherwise.
3. Any assessments,analyses or recommendations made by third-party organisations
"concerning nuclear energy and/or smaller modular reactors (SMRs).,Part-granted,25 July 2025"
FOI-0133-2025,Journalist,09 June 2025
I request all records held related to the lobbying activities in this return:
https://www.lobbying.ie/return/124301/equinix-ireland
Please include all documents provided by the lobbying party,as well as notes or minutes from
any meetings and all departmental or ministerial correspondence returned to the lobbying
party. Please also include internal records concerning these lobbying events including memos,
speaking notes,briefings,and preparatory and follow-up internal correspondence. Please
"exclude any administrative emails related to setting up or organising meetings.,Part-granted,07 July 2025"
FOI-0132-2025,Journalist,09 June 2025
I request all records held related to the lobbying activities in this return:
https://www.lobbying.ie/return/124410/alliance-for-beverage-cartons-and-the-environment---
ace-ireland
Please include all documents provided by the lobbying party,as well as notes or minutes from
any meetings and all departmental or Ministerial correspondence returned to the lobbying
party. Please also include internal records concerning these lobbying events including memos,
speaking notes,briefings,and preparatory and follow-up internal correspondence. Please
"exclude any administrative emails related to setting up or organising meetings.,Part-granted,09 July 2025"
FOI-0131-2025,Member of the Public,06 June 2025
1: The number of surveys that were conducted for the purpose of assessment under the
Warmer Homes Scheme nationally in 2025
2. The average cost of a warmer homes scheme survey
3. The average cost of a survey under the WHS/EEOS Collaborate Pilot Scheme in 2025
4. The total cost spent on surveys to date under the WHS/EEOS Collaborate Pilot Scheme in
"2025,Refused,02 July 2025"
FOI-0130-2025,Client,03 June 2025
Subject: Sonar Logs from RV Celtic Explorer Involving Anomalous Contacts (2015–2024)
I am seeking access to sonar contact records and associated reports generated by the RV Celtic
Explorer,specifically:
1. Date Range:
o 1 January 2015 to 31 December 2024
2. Vessel:
o RV Celtic Explorer only
3. Subset of Data Requested:
o Sonar logs,summaries,or contact reports describing underwater contacts that meet
any of the following conditions:
 Reported or logged speeds exceeding 100 knots
 Sudden vertical or horizontal movements consistent with transmedium travel
 Absence of cavitation,wake,or propulsion signature for objects exhibiting unusual
acceleration or motion
4. Suggested Search Filters (where applicable):
o “unidentified submerged object”
o “transmedium”
o “no propulsion signature”
o “exceeds 100 knots”
If this revised scope is still too broad,I am happy to:
• Limit
