Date Received,Our Ref. 2018,Summary of Request,Category of Requestor,Decision Date,Decision Made
28/06/2018,242,Ministerial diaries and expenses from January 2000 to September 2004,Public,15/08/2018,Part Granted
28/06/2018,241,"Correspondences between Minister for Health Simon Harris and the IMO, the NAGP, or the ICGP on the issue of the GMS contract between January 2018 - 15 June 2018.",Journalist,26/07/2018,Refused
28/06/2018,240,"All correspondence from and to the Minister for Health in relation to mental health services in Wexford, Waterford and all the south east this year.",Journalist,24/08/2018,Part Granted
27/06/2018,239,"All correspondence between the Minister for Health and anyone working in the Department of Health with Michael Lowry TD, timespan June 2017 to date.",Journalist,03/08/2018,Part Granted
27/06/2018,238,All correspondence in relation to the “BeNeLuxA group” to improve cooperation between countries in relation to drug reimbursement since 1st January 2017.,Business,25/07/2018,Part Granted
21/06/2018,237,Records regarding the National Cervical Screening Programme from 2000 to date.,Business,05/07/2018,Refused
22/06/2018,235,All correspondence relating to the contents of a clinical study comparing the effects of electronic cigarettes and nicotine inhalators on tobacco withdrawal symptoms over 24 hours of abstinence.,Public,06/07/2018,Refused
22/06/2018,234,"All correspondence between the Department of Health and HPRA which discusses vaping/e-cigarettes between 1 January 2016 and 1 May 2018,",Public,06/07/2018,Refused
22/06/2018,233,All records of meetings held by the Special Action Group on Obesity from October 1st 2017 to present.,Journalist,27/06/2018,Admin Access
22/06/2018,232,"Correspondence sent by the Pro Life Campaign in the time period January 1 to May 30, 2018. Correspondence sent to the Minister on the subject of the referendum on the Eighth Amendment from May 1st to May 30th 2018.",Journalist,20/07/2018,Part Granted
22/06/2018,231,"The amount spent ensuring that all systems and procedures were GDPR compliant. Also, amount spent on GDPR training to date",Journalist,17/07/2018,Granted
20/06/2018,230,"A list of the titles of reports, commissioned by the Minister from external consultants, which were received by him from 1 January 2017 to 15 June 2018.",Journalist,17/07/2018,Granted
19/06/2018,229,"A list and breakdown of taxi expenses used by the Department of Health from the years 2015,2016, 2017 and 1 January 2018- 31 May 2018, including times and dates where used to courier documents.",Journalist,17/07/2018,Granted
19/06/2018,228,Information regarding the Department of Health’s proposed plan to provide HPV vaccination for Boys.,Journalist,20/07/2018,Granted
19/06/2018,227,"Mileage and daily expenses claimed by the Minister for Health, Minister of State for Mental Health and Older People, Minister of State for Health Promotion and Minister of State for Disability Issues, during 2017 and 1 January 2018 - present.",Journalist,17/07/2018,Granted
19/06/2018,226,Correspondence sent to and sent by the Minister of Health for Health regarding the Action Plan for Portlaoise Hospital,Journalist,21/06/2018,Refused
19/06/2018,225,"Purchase orders in relation to plastic cups, cutlery and straws dated 1 January 2016 to date",Journalist,05/10/2018,Granted
19/06/2018,224,A breakdown of costs of private investigators to monitor the working arrangements of consultants and their compliance with the consultant contract in 2017 and 2018. Any reports by the investigators on the working arrangements of consultants and their compliance with the consultant contract in 2017 and 2018,Journalist,17/07/2018,Refused
19/06/2018,223,"All correspondence between the Office of the Minister for Health Simon Harris and the HSE, in relation to recently revealed failings in audiology services in Roscommon and Mayo, since January 2018.",Journalist,19/07/2018,Refused
19/06/2018,222,All correspondence from Nursing Homes Ireland on a request to amend the Employer Permit Regulations to allow increased recruitment of healthcare staff from outside the EU.,Journalist,17/07/2018,Part Granted
15/06/2018,220,The minutes of the meetings between the Department of Finance and the Department of Health where the surveillance strategy to send private investigators to follow hospital consultants was discussed and agreed to.,Oireachtas,13/07/2018,Part Granted
14/06/2018,219,"Correspondence with the Catholic counselling agency, and the Department / Minister regarding the regulation of psychotherapists and counsellors since the start of 2017.",Journalist,09/07/2018,Refused
14/06/2018,218,Minutes of the last four meetings of the The Consultative Forum on Health Insurance/Health Insurance Consultative Forum.,Journalist,12/07/2018,Granted
13/06/2018,217,"1. All correspondence from 01/01/2016 - present between Fine Gael Councillor, David Maxwell and Minister for Health. 2. between Minister for Health and the Department of Health, regarding Councillor David Maxwell 3. that includes Simon Harris and invitations to visit Monaghan General Hospital 4. All invitations to the Department of Health regarding visiting Monaghan General Hospital",Journalist,17/07/2018,Part Granted
12/06/2018,214,Costs of establishing the Scally inquiry from 8 May to 12 June when the interim report of the inquiry was published. Estimates of how much the inquiry will cost when completed. Details of remuneration of Dr Gabriel Scally for leading the scoping inquiry.,Journalist,26/07/2018,Granted
11/06/2018,212,Records in relation to any travel that was undertaken by members of the department to the Web Summit in Lisbon last November.,Journalist,12/06/2018,Refused
07/06/2018,211,A copy of all internal audits completed within the department between 1st May 2017 and 7th June 2018,Public,03/07/2018,Granted
06/06/2018,209,All correspondence sent/received by officials from this department or the Minister(s) in relation to the Pope's visit since 2016.,Journalist,05/07/2018,Part Granted
06/06/2018,208,"Correspondence from 2016 to date to and from Minister Harris, Ministers of State Daly, Byrne, McGrath, and the Secretary General in relation to smartphones or internet access for minors.",Journalist,23/07/2018,Part Granted
06/06/2018,207,All correspondence issued and received by the Department of Health and Minister for Health in April and May 2018 specifically concerning funding and resources for abortion services.,Journalist,19/06/2018,Refused
05/06/2018,206,I am seeking the following submissions: - 07.02: sanction of fees for hospital board groups. - 08.02: Dublin ambulance call and dispatch services. - 20.02: Brief on missed diagnosis of breast cancer ... - 05.03: Proposal to proceed with the implementation of HPV testing as the primary screening mechanism ... - 20.03: Commission of Investigation (SE disability service) - letter of 2 Feb. - 29.03: Priority 1 transfers. - 19.04: Commission of Investigation (SE disability service) - Phase 1 final report. Phase 2 investigation.,Journalist,17/07/2018,Part Granted
05/06/2018,205,"For 2016, 2017 and 2018 the number of employees of the department sacked/suspended and reason for same the number of complaints of bullying received by the department the number of complaints of sexual harassment received by the Department",Journalist,04/07/2018,Granted
05/06/2018,204,Copies of all representations received by the Department in relation to the repeal referendum in the thirty days prior to polling.,Journalist,10/07/2018,Part Granted
05/06/2018,203,"All correspondence sent to the Department of Health relating to the following areas: Cervical Check; Breast Check and Bowel Screen programmes. Also, correspondence sent to the Department of An Taoiseach from April 1st 2017 until May 31st, 2017",Journalist,04/07/2018,Refused
05/06/2018,202,"Correspondence sent to the Department of Health from the following: BPAS (British Pregnancy Advisory Services); Marie Stopes; NUPAS (National Unplanned Pregnancy Advisory Service) and any UK female healthcare provider from January 1st 2017 until May 31st, 2017.",Journalist,17/07/2018,Refused
31/05/2018,201,Correspondence to/from the Minister and Secretary General relating to the CEO position at Beaumont Hospital.,Journalist,31/07/2018,Granted
31/05/2018,200,"All records relating to UK Birth Centres, Private Midwives Ireland They operated in Ireland initially as (1) UKBC and laterally as PM Ireland",Public,11/07/2018,Refused
30/05/2018,199,"All correspondence between JTI Ireland Limited, and/or any representative of JTI Ireland Limited, and Minister of State Catherine Byrne dating from January 1st 2018 to April 30th 2018.",Journalist,25/06/2018,Granted
29/05/2018,198,"Spending on public notices for print, digital and broadcast media with the amount for each provider in 2017.",Business,14/06/2018,Administrative Access
29/05/2018,196,Records relating to the shortage and supply issues of BCG (Tuberculosis) for 2015 and 2016.,Journalist,25/10/2018,Refused
28/05/2018,195,"All correspondence relating to Orwell Healthcare and in particular Orwell House, to include all internal correspondence relating to it from January 1, 2018 to May 28, 2018.",Journalist,25/06/2018,Refused
28/05/2018,193,"Any documents, discussing or assessing the estimated cost and/or impact on resources for the health service of abortion provision following the repeal of the 8th Amendment.",Journalist,13/06/2018,Refused
22/05/2018,192,"Any briefings relating to the meeting between Minister Jim Daly, Darren Hourihane and Bartra Capital",Journalist,22/06/2018,Part Granted
22/05/2018,191,All correspondence arising out of meetings between Minister Harris and Wicklow Hospice Foundation during 2018.,Journalist,18/06/2018,Granted
22/05/2018,190,Any correspondence between Minister Harris and Liz O'Donnell or MSD during 2018.,Journalist,11/07/2018,Granted
22/05/2018,189,All correspondence between the Department of Health and the International Organisation of Good Templars. Also a copy of the speech delivered by Minister Byrne at the event hosted by the IOGT on 4 May last.,Journalist,26/06/2018,Granted
22/05/2018,188,"A breakdown of the number of male and female staff employed by the Department and their pay grade, as of December 31 2016, 2017 and 2018.",Journalist,21/06/2018,Granted
21/05/2018,187,"Correspondence between Ministers and senior Department management and former HSE director general Tony O'Brien in relation to: 1) Mr O'Briens decision to step down as DG 2) The process to replace Mr O'Brien as HSE DG, April 1, 2018 and May 21, 2018.",Journalist,21/06/2018,Granted
21/05/2016,186,Correspondence between the HSE and the Minister for Health and Secretary General with regard to a HSE Board from 1 May 2017 to 21 May 2018.,Journalist,19/06/2018,Part Granted
21/05/2018,185,Copies of the Minister's diary dated January 1 2018 to May 21 2018,Journalist,19/06/2018,Refused
21/05/2018,184,Minutes of Governance Meetings with the Medical Council from 9 January 2018 to today’s date of 21 May 2018,Journalist,12/06/2018,Granted
21/05/2018,183,"Correspondence in relation to Cancer screening programmes between Ministers and senior Department management and former HSE director general Tony O'Brien, April 1, 2018 and May 21, 2018.",Journalist,22/06/2018,Refused
21/05/2018,182,Correspondence to Minister Simon Harris in relation to the Referendum on the Eighth Amendment on May 25 dated Jan 1 2018 - May 21 2018.,Journalist,12/07/2018,Part Granted
18/05/2018,180,"Any correspondence or briefings arising out of meetings, between Minister Catherine Byrne and Mars Ireland since the start of 2018.",Journalist,26/06/2018,Granted
16/05/2018,177,The amount spent by the Department on Facebook advertisements and on Google advertisements in 2017 and the first 5 months of 2018.,Journalist,21/05/2018,Refused
15/05/2018,176,All correspondence between former HSE director general Tony O Brien and Health Minister since May 1,2018.,Journalist,22/06/2018,Granted
15/05/2018,175,All records of communications between the National Cancer Registry and the Department of Health referencing data sharing/data transfer/data protection issues in relation to cervicalcheck for the period January 1st 2014 - March 1st 2018.,Journalist,22/06/2018,Refused
14/05/2018,173,"Correspondence between the Minister for Health/Secretary General of the Department of Health and the director general of the HSE from March 1 to May 14, 2018",Journalist,25/06/2018,Part Granted
14/05/2018,172,"All correspondence between the Department of Health and Google/Facebook in relation to the referendum on the 8th Amendment, from 01 January 2018 to 14 May 2018.",Journalist,13/06/2018,Refused
14/05/2018,171,"Any internal records between the Department of Health and the HSE, regarding CervicalCheck and/or any cancer screening programmes between February and August 2016.",Journalist,22/06/2018,Refused
14/05/2018,170,"All correspondence between the Chief Medical Officer and the Minister for Health, in relation to Cervical Check and cervical screening, between the dates 1/1/2016 to the present date.",Journalist,14/06/2018,Refused
11/05/2018,169,Any correspondence between the Department of Health and any outside body or individual regarding the DoH move from Hawkins House from 1 January 2018 until 1 May 2018.,Journalist,30/06/2018,Part Granted
11/05/2018,168,"The amount spent on catering by the Department in 2016, 2017 and so far in 2018 and the companies employed to provide the service.",Journalist,22/05/2018,Granted
11/05/2018,167,"All correspondence relating to 3 circulars drafted by CervicalCheck and shared with the HSE, CervicalCheck, and the Department of Health in March 2016, July 2016,and July 2016.",Oireachtas,22/06/2018,Refused
10/05/2018,166,"Correspondence between Simon Harris and Tony O’Brien, also between Simon Harris and Jim Breslin, from January 1 to April 30 2018.",Journalist,22/06/2018,Part Granted
10/05/2018,165,"Correspondence between Tony Holohan and Jim Breslin, between Tony Holohan and Simon Harris and between Tony Holohan and Tony O’Brien between January 1 and April 30 2018.",Journalist,06/07/2018,Part Granted
09/05/2018,164,The email to Jim Daly referred to in this entry in the lobbying database: https://www.lobbying.ie/return/27162/bishopscourt-residential care.,Journalist,23/05/2018,Granted
08/05/2018,163,All correspondence to and from the Minister for Health regarding the issue of mandatory open disclosure between the period 11 July 2014 – 6 May 2016,Journalist,26/09/2018,Granted
08/05/2018,162,All correspondence to and from the Minister for Health regarding the CervicalCheck screening programme between the period 11 July 2014 – 6 May 2016,Journalist,22/06/2018,Refused
08/05/2018,161,All correspondence between January 1st 2018 and May 8th 2018 between the Department of Health and 1. the Health Service Executive; and 2. the National Screening Service; in relation to the Health Information and Quality Authority review of information management practices at BreastCheck.,Oireachtas,05/07/2018,Refused
08/05/2018,160,"Concerning the issue of All correspondence sent or received by Leo Varadkar when he was Minister for Health, and all records concerning Tony Holohan, chief medical officer regarding Open Disclosure for medical professionals.",Journalist,05/09/2018,Granted
08/05/2018,159,"Any records held by the Department, from 1 January 2018 to the date of receipt of the request, that discuss Amnesty International Ireland and their interaction with SIPOC over political donations in relation to the upcoming Referendum.",Journalist,07/06/2018,Refused
03/05/2018,158,Any internal correspondence during 2018 regarding Mr O'Brien's exit package / pension from the HSE.,Journalist,31/05/2018,Granted
03/05/2018,157,"All correspondence between Minister Harris and Tony O'Brien, HSE chief executive, during 2018.",Journalist,06/06/2018,Granted
03/05/2018,156,Any correspondence between Tony O'Brien and Minister Harris in relation to Evofem Biosciences since the start of 2017.,Journalist,31/05/2018,Granted
03/05/2018,155,All records arising out of the meeting between Minister Harris and Primary Health Properties ICAV.,Journalist,31/05/2018,Granted
02/05/2018,154,All correspondence to and from the office of the Assistant Secretary of the Acute Care Division in relation to cath lab services,cardiac services and primary PCI services at University Hospital Waterford from January 2017 to the present.,Oireachtas,22/06/2018,Part Granted
02/05/2018,153,All submissions made to the Minister at your Department using the e submissions system in the period 1 February 2018 to the date of receipt of this request.,Journalist,21/05/2018,Part Granted
02/05/2018,151,"All correspondence between the Department of Health and the HSE relating to the case of Vicky Phelan, from the 16 of March 2018 to the 16 April 2018.",Oireachtas,22/06/2018,Refused
02/05/2018,150,All correspondence between the Minister for Health directly and officials from the National Cancer Control Programme (NCCP) from 11/07/2014 - 7/05/2016 All correspondence between the Minister for Health directly and officials from CervicalCheck for same period.,Journalist,22/06/2018,Refused
01/05/2018,149,"All correspondence with any reference to the Vicky Phelan case, between: (1) The State Claims Agency (2) CervicalCheck/HSE (3) The Attorney General's Office and the Dept/the Minister, his office and advisors.",Journalist,22/06/2018,Refused
01/05/2018,148,Correspondence between - Tony Holohan and former CervicalCheck Clinical Director Grainne Flannelly - Jim Breslin and Grainne Flannelly between September 2017 and April 2018.,Journalist,22/06/2018,Refused
01/05/2018,147,Correspondence between the Department and other government departments or agencies on the immigrant investor programme,Journalist,30/05/2018,Part- Granted
30/04/2018,146,All records in relation to the Health Service Capacity Review 2018.,Journalist,01/06/2018,Part Granted
30/04/2018,145,All communications to and from the Minister for Health in relation to female genital mutilation (FGM) in the following period: February 2018 to 30 April 2018.,Journalist,09/07/2018,Part Granted
30/04/2018,144,"All contacts to or from the Minister or the office of the Minister with regards to Vicky Phelan, the CervicalCheck programme and the legal case being taken by Mrs Phelan from January 1st 2017 to present.",Journalist,22/06/2018,Refused
30/04/2018,143,All correspondence between July 1st 2014 and April 30th 2018 between the Department of Health and 1. the Health Service Executive and; 2. the National Screening Service in relation to quality assurance standards in cervical screening and the operation of CervicalCheck.,Oireachtas,22/06/2018,Refused
30/04/2018,142,All correspondence between July 1st 2014 and January 1st 2016 between the Department of Health and the Department of Justice and Equality in relation to legislating for open disclosure on patient safety incidents.,Oireachtas,17/05/2018,Granted
30/04/2018,141,All correspondence between January 10th 2017 and November 22nd 2017 between the Department of Health and the Department of Justice and Equality in relation to the Civil Liability (Amendment) Bill 2017.,Oireachtas,17/05/2018,Granted
27/04/2018,140,Any correspondence or advice relating to open disclosure/duty of candour and the Civil Liability Amendment Act/Bill 2017.,Oireachtas,28/05/2018,
30/04/2017,139,"Copies of any correspondence between the HSE and State Claims Agency with the Minister for Health and any of his officials at the Department of Health regarding the High Court proceedings involving Limerick woman Vicky Phelan from January 1st, 2018 to Thursday, April 26th, 2018. Also between former CervicalCheck clinical director Grainne Flannelly (and CervicalCheck officials) and the Minister for Health Simon Harris and his officials relating to the audit of smear test results dating from January 1st, 2016.",Journalist,22/06/2018,refused
27/04/2017,138,"Any correspondence between the Minister for Health, his Office, the Health Service Executive, and CervicakCheck relating to smear test results.",Oireachtas,22/06/2018,Refused
27/04/2017,137,The amount of money paid by the Department to consultancy companies since 2014 and a breakdown of that spend by year and company.,Journalist,22/05/2018,Granted
27/04/2017,136,The minutes of the last three meetings of the Health Threats Coordination Group.,Journalist,28/05/2018,
24/04/2018,135,"All correspondence and other communications between the Department of Health and the Health Service Executive concerning St. Vincent's Centre, Cork in the last 2 year period.",Public,31/05/2018,Part Granted
24/04/2018,134,Any records held relating to the management of overcrowding,trolleys at Galway University Hospital in the period 1 April 2018 to the current date,Journalist,23/05/2018,Part Granted
27/04/2018,133,"All records re ministers, spouses, or partners who travelled abroad for St Patrick's Day 2018 on official departmental business.",Journalist,24/05/2018,Granted
23/04/2018,132,All correspondences between the Minister for Health and his office and the Minister for Children and Youth Affairs and the Minister for Justice relating to part of the Children’s and Family Relationships Act between February 2016 to date.,Oireachtas,17/05/2018,Refused
19/04/2018,131,"All communications and details of meetings between ministers, staff and representatives of the Department of Health and any persons working for or on behalf of Twitter Inc, Twitter UK, Linkedin Inc, Facebook Inc, Whatsapp, Instagram, Amazon Inc, Amazon UK, Google Inc, YouTube, Alphabet Inc or any of their Irish subsidiaries and companies.",Journalist,20/06/2018,Part-Granted
18/04/2018,129,Copy of review of the 2017/2018 winter initiative drawn up by the HSE/Department of Health,Journalist,14/05/2018,Refused
18/04/2018,128,All correspondence for period 1 January 2016 -1 November 2017 which references a national donor-conceived person register.,Journalist,24/04/2018,Refused
17/04/2018,127,The report sent to the Department of Health from the HSE on the piloting of a Minor Ailment Scheme.,Oireachtas,15/05/2018,Refused
17/04/2018,126,"All correspondence between the office of Minister of Health Simon Harris and members of the boards of the hospital groups listed below since January 1, 2017: 1) Dublin /Mid-Leinster Hospital Group; 11) Saolta University Healthcare Group; 111) Ireland East Hospitals Group.",Journalist,22/05/2018,Part Granted
16/04/2018,125,"All records relating to policy and guidelines on the management of the Ministers Twitter account since Minister Harris became Minister for Health, to include also the Minister's Office, his Constituency Office, the offices of any Special or Political Advisers to the Minister, the Press and Information Office(s), the section(s) dealing with possible legislation for abortion post Referendum and the Office of the Secretary General.",Public,09/05/2018,Refused
16/04/2018,124,Any correspondence between the Department and the CPSU and other unions regarding the move to Miesian Plaza from 01 June 2017 to present.,Journalist,15/05/2018,Part Granted
16/04/2018,123,All submissions made to the Department of Health on foot of the Deprivation of Liberty safeguard proposals consultation paper,Business,15/05/2018,Part Granted
12/04/2018,122,A copy of the proposal submitted by the Irish Pharmacy Union on the proposed Pharmacy led State funded free contraceptive service.,Business,17/04/2018,Admin Access
12/04/2018,121,Copy of submissions/returns made by the HSE to the Department of Health regarding the financial performance of the HSE in the first quarter of 2018. Copy of correspondence between the Department of Health and the Department of Public Expenditure since February 1 2018 regarding health service expenditure in 2018,Journalist,15/06/2018,Part Granted
12/04/2018,120,"Correspondence between Finian McGrath and Camphill Communities of Ireland, between 1st July 2017 and 12th April 2018.",Public,11/05/2018,Part Granted
12/04/2018,119,All correspondence sent to or from the Minister in relation to the drafting of proposed new laws on abortion including the General Scheme of a Bill to regulate the termination of pregnancy and the policy paper on same between June 2017 and present.,Journalist,08/05/2018,Refused
12/04/2018,118,All correspondence sent to the Department or the Minister from doctors or other medical practitioners with regards to abortion or the F7 amendment of the constitution from December 1st 2017 to present.,Journalist,08/05/2018,Refused
09/04/2018,117,Access to all files and any correspondence between the Department of Health including he Ministers office and the Marie Stopes Organisation.,Public,15/05/2018,Refused
09/04/2018,116,"A record of all correspondence from the Minister’s office, also the Minister of States’ offices, with Facebook for period of 30 June 2017 to date of this request. A record of all staff at the Department, Ministers and ministers of state who have received guidance or training from Facebook regarding the management of government, ministerial and personal Facebook accounts.",Journalist,15/05/2018,Part Granted
05/04/2018,114,A list of all unpublished reports compiled by the Department of Health since January 2017,to include name and date of completion.,Journalist,30/04/2018,Refused
03/04/2018,112,All correspondences relating to part 2 and 3 of the Children’s and Family Relationships Act between February 2016 to date.,Oireachtas,23/04/2018,Refused
