Query Number,Date Received,Related File,Query,Requester,Decision,Date Issued,IR,Decision
641,30/11/2018,300738,"Emails, letter or minutes of meetings between ABP and representatives of Daly Plastics LTD, its parent company RTP Company, including intermediaries or planning consultants, representative of Cork CoCo Planning Dept, Cork Councillors dated 27/10/2018 to 31/11/2018.",Journalist,Refused,08/01/2019,No,
643,13/12/2018,301051,Copies of all information relating to ABP-301051-18 that do not appear on the board's website.,Client,Part-Granted,08/01/2019,Yes,Upheld FOI Officer Decision
644,21/12/2018,n/a,A list of all ABP case numbers emanating from the 4 Dublin local authorities in which Philip Jones and Paul Hyde sat in adjudication.,Other,Refused,14/01/2019,Yes,N/A
645,02/01/2019,n/a,How much did the department spend on bottled water in 2017 and 2018.,Journalist,Part-Granted,29/01/2019,No,
646,14/01/2019,n/a,Regarding the recent recruitment competition for a Legal Advisor:
1. What age were all the candidates?
2. What age were the candidates shortlisted for interview?
3. What was the level of knowledge and experience of Planning and Environmental Law of each candidate shortlisted for interview?
4. Had candidates shortlisted for interview experience in litigating before the courts on planning and environmental law?
"5. How many number of years post qualification experience as a practising solicitor did each of the two candidates shortlisted for interview have?,Other,Part-Granted,28/01/2019,No,"
647,15/01/2019,300738,"1. Any correspondence between An Bord Pleanála and RTP Company/Daly Products, and their representative, between 01/01/18 and 15/01/19, in reference to their proposal to build plastic compounding factory in Skibbereen, Co. Cork."
2. Any correspondence between An Bord Pleanála and the Industrial Development Authority (IDA) regarding the factory proposed by RTP Company/Da;y Products during the above time period.
"3. Any correspondence between An Bord Pleanála and Councillor Joe Carroll regarding the same issue during the same time period.,Other,Refused,06/02/2019,No,"
648,15/01/2019,n/a,Any documents indicating the cost to taxpayers of Section 5 declaration cases where An Bord Pleanála has issued the decisions at variance with unappealed decisions as per Section 5 of the Planning & Development Act 2000 in the alst 10 years.,Other,Refused,11/02/2019,No,
649,15/01/2019,n/a,A list of Section 5 declaration cases as per the Planning & Development Act 2000 where An Bord Pleanála has issued decisions at variance with unappealed planning decisions in the past 10 years.,Other,Refused,11/02/2019,No,
650,07/02/2019,n/a,"1. Submissions made by owners of sites identified by the conucil as vacant, who have sought to have their site removed from the vacant sites register, including relevant documents, from 01/01/18 to 06/02/19."
"2.Figures relating to the number of these appeals that were successful.,Journalist,Part-Granted,11/03/2019,No,"
651,11/02/2019,302024,All records relating to appeal 302024,Other,Part-Granted,27/02/2019,No,
652,14/02/2019,"248522, 302791",1. All correspondence relating to the Clontarf Baths between 01/04/17 and 14/02/19
2. Any reports,"memos or other documents that relate to the above.,Journalist,Part-Granted,12/03/2019,No,"
653,18/02/2019,n/a,"• The number of employees of the agency sacked in 2016, 2017, 2018."
• The reason for the dismissal of each of the above employees.
• The number of employees of the agency suspended in 2016,2017,2018.
• The reason for the suspension of each of the above employees.
• The number of complaints of bullying received by the agency in 2016,2017,2018.
• The number of complaints of sexual harassment received by the agency in 2016,2017,"2018.,Journalist,Granted,12/03/2019,No,"
654,18/02/2019,n/a,"1. copies of any reports, submissions, memoranda, or other such review or explanatory documents referring to the issue of developers using Strategic Housing Development scheme but subsequently deciding to sell or delay development on a site once planning permission has been granted."
"2.copies of any records held relating to decision by Marlet Homes to sell a site at Carnlough Road in Dublin 7 subsequent to having been granted planning permission under the Strategic Housing Development scheme.,Business/Interest Groups,Refused,12/03/2019,No,"
655,26/02/2019,n/a,1. Rank and title of staff member who accepted and reviewed submission on 25/01/19 in the Board's offices at 12.49pm
"2. CCTV footage of said member of staff reviewing and accepting documents.,Client,Refused,25/03/2019,No,"
656,26/02/2019,302655,1. All internal reports and minutes of meetings re 302655
2. What is decision code 20 as detailed in the case file for reasons for refusal.
"3. Reasons why the Board went against Inpector's recommendation.,Client,Granted,12/03/2019,No,"
657,28/02/2019,RL3486,A copy of RL3486,Other,Refused,01/03/2019,No,
660,04/03/2019,n/a,"1.All personal expenses (travel, subsistence, accommodation, etc) claimed in 2017 and 2018 by the chief executive or equivalent."
"2.All records and receipts for expenses claimed in 2017 and 2018.,Journalist,Part-Granted,28/03/2019,No,"
