Ref. No.,Date Rec'd,Category,Subject,Due Date,Status
FOI-2018-016,2018-04-06,Journalist Non-Personal,"Please provide all notes, including internal and legal correspondance, letters and documentation between Department and the County Cavan Veterinary Service regarding compliance by dog breeding facilities in Co Cavan under the Dog Breeding Establishments Act 2010/ if applicable Dog Control Act 1986. Please provide all notes, including internal and legal correspondance, letters and documentation between Department and legal counsel or representation regarding compliance by dog breeding facilities in Co Cavan under the Dog Breeding Establishments Act 2010/ if applicable Dog Control Act 1986. Please provide all notes, including internal and legal correspondance, letters and documentation between Department and those connected with the BBC Panorama programme regarding compliance by dog breeding facilities in Co Cavan under the Dog Breeding Establishments Act 2010/ if applicable Dog Control Act 1986. Please provide all notes, correspondance and documentation regarding clarifications sought by Department and An Bord Pleanala on recent planning decisions concerning dog breeding facilities in Co Cavan.",2018-05-03,Part Granted
FOI-2018-017,2018-04-17,Private Non-Personal,A full list of towns and or villages that were unsuccessful in their application to the town and village renewal schemes in either the year 2016 or 2017. Please include the amount of funding each town or village had sought in their application and a brief reason why each town or village was unsuccessful in their application.,2018-05-16,Part Granted
FOI-2018-018,2018-04-23,Journalist Non-Personal,"A list of all staff, ministers, spouses, or partners who travelled abroad for St Patrick's Day 2018 on official departmental business. A table of costs associated with their travel to include flights, hotel, transport, entertainment, gifts, dining, subsistence, and all other related expenditure. Copies of the actual invoices/receipts relating to all of the above.",2018-05-21,Granted
FOI-2018-019,2018-04-19,Journalist Non-Personal,"All communications and details of meetings between ministers, staff and representatives of the Department of Rural and Community Development and any persons working for or on behalf of Google Inc, YouTube, Alphabet Inc or any of its Irish subsidiaries and companies",2018-05-17,Withdrawn
FOI-2018-019a,2018-04-19,Journalist Non-Personal,"All communications and details of meetings between ministers, staff and representatives of the Department of Rural and Community Development and any persons working for or on behalf of Amazon Inc, Amazon UK or any of its Irish subsidiaries and companies",2018-05-17,Withdrawn
FOI-2018-019b,2018-04-19,Journalist Non-Personal,"All communications and details of meetings between ministers, staff and representatives of the Department of Rural and Community Development and any persons working for or on behalf of Facebook Inc, Whatsapp, Instagram or any of its Irish subsidiaries and companies",2018-05-17,Withdrawn
FOI-2018-019c,2018-04-19,Journalist Non-Personal,"All communications and details of meetings between ministers, staff and representatives of the Department of Rural and Community Development and any persons working for or on behalf of Linkedin Inc or any of its Irish subsidiaries and companies",2018-05-17,Withdrawn
FOI-2018-019d,2018-04-19,Journalist Non-Personal,"All communications and details of meetings between ministers, staff and representatives of the Department of Rural and Community Development and any persons working for or on behalf of Twitter Inc, Twitter UK or any of its Irish subsidiaries and companies",2018-05-17,Withdrawn
FOI-2018-020,2018-04-27,Journalist Non-Personal,The amount of money paid by the Department to consultancy companies since 2014 and a breakdown of that spend by year and company.,2018-05-25,Granted
FOI-2018-021,2018-05-02,Journalist Non-Personal,A list of all submissions made to the Minister at your Department using the e submissions system (or whatever relevant/similar system is in place at your Department) in the period 1 February 2018 to the date of receipt of this request. This request is to include the date of the submission and its title. I am not seeking copies of the submissions themselves,2018-05-30,Granted
FOI-2018-022,2018-05-17,Member of Oireachtas,"“All documentation, memoranda, etc., in relation to the preparation of the Value for Money Report on the Rapid Scheme, including a copy of the report”.",2018-06-14,Granted
FOI-2018-023,2018-05-21,Journalist Non-Personal,"All records relating to the grant for a project in Julianstown Co Meath under the 2017 Town and Village Renewal Scheme including but not limited to all details of drawdown of the funds, the procurement process, all correspondence and reports from Meath Co Co and a detailed account of expenditure incurred to date”. The request is for records received or created after 1 October 2017",2018-06-18,Part Granted
FOI-2018-024,2018-05-22,Journalist Non-Personal,"In relation to an application for funding under the LEADER/Rural Development Programme operated in Westmeath, in 2013, a company called Portaneena Co Ltd was awarded a grant of E13,387.50 under this scheme. The application/description number was WTM000183.The promoter's name was Blair Chatterton and the programme was described (according to Westmeath Rural Development) as 'Strategic Development Plan for marina business.'I am seeking all associated records for this grant application, including: a) the expression of interest b) the application form. I am also seeking records, if they exist, os any other application under the Rural Development Programme by Portaneena Co Ltd.",2018-06-19 Extension agreed with requester until 2018-07-03,Granted
FOI-2018-025,2018-05-22,Journalist Non-Personal,"I am seeking copies of all documentation (emails, memos, letters, reports etc) relating to applications for funding made by Limerick City and County Council to the department under the 2018 Local Improvement Scheme.",2018-06-19,Withdrawn dealt with outside FOI
FOI-2018-026,2018-06-05,Journalist Non-Personal,A copy of all the submissions listed in FOI 2018-021,2018-07-02,Part Granted
FOI-2018-027,2018-06-05,Journalist Non-Personal,"the number of employees of the department sacked in 2016, 2017, 2018. the reason for the dismissal of each of the above employees. the number of employees of the department suspended in 2016, 2017, 2018. the reason for the suspension of each of the above employees. the number of complaints of bullying received by the department in 2016, 2017, 2018. the number of complaints of sexual harassment received by the department in 2016, 2017, 2018. I would prefer to receive this information electronically, ideally in its original electronic format.",2018-07-02,Withdrawn
FOI-2018-028,2018-06-07,Journalist Non-Personal,"I would like to be furnished with copies of all correspondence sent/received by officials from this department or the Minister(s) in relation to smartphones or internet access for minors since 2016, this should include all correspondence including letters, emails etc and it should include correspondence from members of the public as well as official representations.",2018-07-04,Withdrawn dealt with outside FOI
FOI-2018-029,2018-06-07,Journalist Non-Personal,"I would like to be furnished with copies of all correspondence sent/received by officials from this department or the Minister(s) in relation to the Pope's visit since 2016 this should include all correspondence including letters, emails etc and it should include correspondence from members of the public as well as official representations",2018-07-04,Withdrawn dealt with outside FOI
FOI-2018-030,2018-06-07,Student Researcher Non-Personal,"Information requested ………… “hard copy data detailing the statistical data of funded projects under its Social Inclusion and Community Activation Programme against economic activity. Specifically, the number (numerical quantities) per annum of the funded projects within each of the designated economic activity areas. In addition we would also be appreciative of a full inventory list of the statutory economics activities for which the fund is intended to address. However, if this programme is no longer active then the statistical details relating to the current European Social Fund programme would be most welcome. Also a physical copy of a Social Inclusion and Community Activation Programme application form and associated guidance notes and a copy of your establishments most recent annual report if available.”",2018-07-04,Granted
FOI-2018-031,2018-06-12,Journalist Non-Personal,The breakdown of expenditure and income at Ennis Dog Shelter from January 1st,2017 to December 31st,2018.,2018-07-09,Part Granted
FOI-2018-032,2018-06-12,Journalist Non-Personal,"Please send me a list of all reports that have been compiled at State expense that have been sent to the office of the Minister since the formation of the present Government in 2016 Please note, this is not a request for the actual reports, it is a request for a list containing the titles and subject matter of the reports",2018-07-09,Information released outside FOI
FOI-2018-033,2018-06-15,Journalist Non-Personal,Appointments diaries for the Minister for Rural and Community Development for the year of 2017 in full (and up until June 2018 if possible).,2018-07-12,Withdrawn Information in the public Domain
FOI-2018-034,2018-06-19,Journalist Non-Personal,"Purchase orders for in relation to plastic cups, cutlery and straws dated 2013-2018. These records should reflect both quantity of goods ordered and the amount paid.",2018-07-16,Withdrawn Information released outside FOI
